shipment_date,region,transport_mode,shipment_volume_kg,distance_km,warehouse_processing_days,actual_delivery_days,promised_delivery_days,delivery_delay_days,delayed,transportation_cost,order_value,fuel_surcharge
2025-01-01,East,Rail,121.74731513358118,1753.8245232719883,2.6177982230208254,8.182554470518273,10.0,0.0,0,457.5725929890798,2005.4180938423892,53.57999829243141
2025-01-01,East,Rail,77.85257766441495,229.3695332962488,2.5585971709102564,6.450261499102451,6.0,0.45026149910245117,1,130.75332985060928,1422.6585573625193,10.0
2025-01-01,Central,Air,124.81393840898475,105.72396760762135,3.3371516212426293,5.088476749920475,7.0,0.0,0,345.15959401025015,2746.190548283204,10.0
2025-01-01,South,Rail,175.35147941412333,748.2127946092222,1.9929823711539205,6.314880682692654,8.0,0.0,0,322.3387722072938,3053.3979982179235,20.349374989036722
2025-01-01,East,Road,145.43801420029627,174.68613093077442,0.8262385382541941,2.3466024400962553,3.0,0.0,0,138.56758908219888,2344.5419665075915,10.0
2025-01-01,West,Road,113.94851278916353,1035.1348518472143,3.792179021423781,7.21099241384214,7.0,0.21099241384214018,1,333.2100996178565,1575.9046604994453,31.718584778785043
2025-01-01,West,Road,152.1726340946251,917.9291298622675,1.5029677588557044,5.139672626480278,7.0,0.0,0,317.28272704991014,2606.634690524157,34.275074976564696
2025-01-01,West,Rail,78.96558395129479,680.5085737703813,1.713366342242822,8.83380547456553,13.0,0.0,0,272.5317478410744,1094.371397049214,24.90533360388946
2025-01-02,Central,Sea,62.09812947304323,1208.6935679844069,1.8792764601464862,9.03891763362774,10.0,0.0,0,300.51821129519544,1505.1719612006332,43.91795126227531
2025-01-02,North,Road,39.10384023927045,499.06898444873707,3.692517355823149,8.303852637021956,8.0,0.3038526370219561,1,184.60543521559032,1303.5670905321526,14.084187670094117
2025-01-02,East,Air,145.32698485723608,401.31390291380916,2.7376085931044063,3.0081844786674505,4.0,0.0,0,399.90990386819846,1874.3497144049163,16.8175549757374
2025-01-02,Central,Rail,54.9910953461299,302.1849539604401,3.678977921797202,6.308641893408637,8.0,0.0,0,156.5990663229622,1125.7480694396058,10.0
2025-01-03,South,Road,49.48492740454039,332.32980731771414,1.3625390775157236,4.685094612513018,6.0,0.0,0,147.84096897084495,1503.0116244528872,14.238059992940904
2025-01-04,North,Air,100.35810361956023,1122.7859171211248,1.3302972902221237,5.339586093353894,8.0,0.0,0,495.5261316239728,1919.5576094904263,36.17787900152103
2025-01-04,East,Road,138.59984771408202,816.1590058400773,2.7413600749275018,5.161158639174431,6.0,0.0,0,274.0109929278402,2319.6341124804962,28.327055781687903
2025-01-04,South,Road,92.43545742451418,553.8128457124286,1.2623309653061106,3.9486408577649543,3.0,0.9486408577649543,1,187.13538583033628,2264.206262283535,21.220453560064126
2025-01-04,South,Road,89.67876913012948,190.39734843386887,2.104699285857513,4.784313111760694,6.0,0.0,0,117.75702520169892,1576.2639294560186,10.0
2025-01-04,East,Road,35.64932507946527,354.15055663065556,1.0108240748150532,2.9475964738641185,5.0,0.0,0,125.41493332421085,599.7300161363594,15.304362326841618
2025-01-04,North,Road,55.38867737937554,2481.6643309160027,1.7592614580290424,9.341285378795181,10.0,0.0,0,437.44826642602027,1393.0546350484274,98.70638901477052
2025-01-05,East,Road,111.32310931807221,52.08015144856427,2.09734110148074,1.0,2.0,0.0,0,97.58827985060232,1574.1192473063045,10.0
2025-01-05,West,Road,25.13848588243156,695.9124867903148,2.9429208662857675,3.558315531012093,6.0,0.0,0,123.95387078016066,673.5644142761138,20.53077191555689
2025-01-05,South,Air,29.482597545574343,180.82807129516362,1.5016776025187923,3.3005965117299443,4.0,0.0,0,263.8546592684081,622.2020414575088,10.0
2025-01-05,West,Road,81.52935064459422,818.0389514733844,2.484028054558056,6.180069263596712,8.0,0.0,0,251.0581641915614,2079.359548910048,23.82847475885503
2025-01-05,Central,Rail,207.96811415297574,272.20069474043885,0.7970291299358898,5.304844378357792,7.0,0.0,0,216.55272792901607,4125.848276021166,10.0
2025-01-05,East,Road,99.24075323489879,570.4136391328765,1.6934201979613805,4.688974997374953,6.0,0.0,0,170.96121131177983,1305.9911947186415,21.773774458663752
2025-01-05,Central,Air,61.486020602555676,759.5606408384605,1.65269839319637,3.021699018547362,4.0,0.0,0,407.619139247513,965.9689483285326,22.572056689244828
2025-01-06,North,Road,103.53967570642098,1062.6324063302598,0.9285059299485956,3.0412156715035694,4.0,0.0,0,286.51588626508806,2049.734628727123,43.70410403100099
2025-01-06,East,Sea,243.6219217264902,930.0426107798145,1.7150497111611662,10.736220928278929,12.0,0.0,0,384.639262895426,4787.8845971183755,34.04075845357954
2025-01-06,East,Road,50.02936469777298,28.459053265446478,2.6952001860320838,3.086157306338551,3.0,0.08615730633855101,0,40.0,1245.2385768797733,10.0
2025-01-06,West,Road,149.4559668544546,601.6371780556481,0.3,1.9896927912262257,4.0,0.0,0,299.0805270136341,3146.1689168959447,25.50274646743084
2025-01-07,East,Air,189.7538334128017,154.91187618677176,0.43357211388774863,2.7640913513796432,3.0,0.0,0,361.2924806421196,2004.2756212750974,10.0
2025-01-07,Central,Road,166.18143337156482,1279.746203269647,1.74552680568635,7.156979442365123,7.0,0.15697944236512296,0,350.39619213668965,3382.476494084377,48.605686720068746
2025-01-07,East,Sea,32.15614880355186,642.2228652107265,2.2507534410011276,9.078350235279075,11.0,0.0,0,110.40336908232496,1101.7707982382594,23.899457290225538
2025-01-07,North,Road,106.6208619794973,471.64582800252043,1.924293962508542,4.213039444317831,5.0,0.0,0,236.51624995562173,1770.8650435581803,16.791337639302412
2025-01-08,North,Road,104.67920039222082,125.5915434702085,1.4882479449282204,3.774649202519858,6.0,0.0,0,138.21086573214689,1420.5341571907247,10.0
2025-01-08,Central,Sea,78.09990795292379,559.7435945255007,2.090906586529226,7.751657914340069,8.0,0.0,0,215.54098007435687,1032.6226763717598,16.13320947307558
2025-01-08,North,Air,118.71002145670751,1379.5540056291422,2.2036624449501256,7.044982814024308,7.0,0.044982814024307594,0,547.1519226661982,1840.4368325494177,41.50621959648419
2025-01-08,East,Sea,263.589586094963,599.6232193597796,1.3797770632240876,7.866666905716161,9.0,0.0,0,370.53571169387726,4675.386222502629,20.908369892746236
2025-01-09,South,Air,126.82574579384078,903.3932900000069,2.049712663525922,6.933688461589586,8.0,0.0,0,452.17835869027107,1758.977947767304,35.49971756854868
2025-01-09,West,Road,50.5327579745737,475.7305124329511,1.1871175505176388,3.1290032287641045,5.0,0.0,0,114.54741888132614,737.9703354933442,19.444735756059284
2025-01-09,North,Road,61.300728322883415,420.56979459354767,1.4303293914869952,4.646004449906586,6.0,0.0,0,145.1898005338552,1459.3241092316812,17.25221688373469
2025-01-09,North,Road,112.30052067736689,568.3031170226518,1.9396004553683284,6.85799508214785,8.0,0.0,0,222.98743215025112,2114.7058040381244,18.984600610864405
2025-01-10,South,Rail,96.28231989689556,334.7353807827235,2.913426361467099,5.817335000517643,9.0,0.0,0,248.31101387938975,2200.471840676974,13.706269622047357
2025-01-10,North,Road,86.96158543722156,509.87805022827416,1.2727362946301848,5.6298687805421155,6.0,0.0,0,137.51070757570233,1824.0162602848736,13.593678705213671
2025-01-10,East,Sea,75.35294812738819,201.4619435019351,1.3225560753175225,6.458991593169237,8.0,0.0,0,120.00940838079006,1463.484443927353,10.0
2025-01-10,North,Rail,57.90953315539777,922.3743865089762,1.5244244084313106,5.9054766933600416,6.0,0.0,0,275.3513708616796,1140.3326669474452,32.655910171661574
2025-01-11,West,Sea,24.119214101612833,631.8945587248957,0.7136290583756522,8.888374379308368,10.0,0.0,0,239.2346068154759,684.149217519644,19.543001408180547
2025-01-11,West,Road,65.26376058996526,39.550415897302415,2.3316562854223037,2.363311935421242,3.0,0.0,0,40.0,1338.549257330211,10.0
2025-01-11,Central,Road,75.64661878332113,589.9881914102862,1.3136545788623266,3.9094408797405973,5.0,0.0,0,206.36961397247313,1832.3015653698246,14.880593589112067
2025-01-12,East,Air,73.07046459023832,1107.8074401952776,0.32590548646750794,5.132975974814518,7.0,0.0,0,462.9705054167364,1516.2488459048118,43.80558024800443
2025-01-12,East,Road,88.03815935532242,446.7305258060434,1.3540895029601923,3.2976773926238545,4.0,0.0,0,132.25110726650695,1958.4303632286803,13.567899928575798
2025-01-12,East,Road,61.764717900940916,325.7953393831068,1.1890953069371395,5.472414620622635,6.0,0.0,0,110.8570512381973,984.1899542546188,14.462876244356503
2025-01-12,Central,Road,127.97243377779617,282.06444424084845,2.9716100568454635,5.882478136747315,9.0,0.0,0,181.3482691530207,2115.9549841431735,10.0
2025-01-12,Central,Sea,200.7679502178997,323.4851271697608,0.3,6.656085262161907,8.0,0.0,0,223.95622788663758,2722.28807904552,13.482531801502434
2025-01-13,Central,Road,28.40227756835279,280.708967560678,0.3,3.0985054907834964,5.0,0.0,0,182.0661601273461,945.5686772467152,12.486630397265163
2025-01-13,Central,Road,80.90817571509393,1552.2180935197514,2.938862562399216,10.936025132764838,10.0,0.9360251327648381,1,356.3579766942311,1527.045501787702,48.11762625505126
2025-01-13,East,Road,92.01765028164469,738.7887651785269,0.513520512968942,4.6356347358708945,6.0,0.0,0,308.60817488648723,2069.711052882704,28.01903889274234
2025-01-13,West,Road,134.49798308803642,905.3430799042615,2.9334631222514185,8.348461786474315,10.0,0.0,0,281.77297372542193,1536.0489836144752,27.549769663555747
2025-01-13,Central,Road,120.60825290553613,465.782745338535,1.6004341557039081,6.299227670830599,6.0,0.2992276708305992,1,276.2525170603218,1935.992299467584,12.614558987579617
2025-01-14,West,Road,51.514789629765,283.61737149882674,3.23078861438261,5.958858005288246,6.0,0.0,0,100.98198839795823,1040.7365601636589,12.39474134418614
2025-01-14,West,Road,64.55645833600943,446.9978670036505,3.0354953727270564,4.159223914747891,4.0,0.15922391474789066,0,153.37268650345246,970.0336921150081,17.95300350149192
2025-01-14,Central,Road,168.06603288640682,300.3794537902459,1.4473893505617879,3.525155650825681,4.0,0.0,0,223.957560929838,2488.976260735782,10.0
2025-01-14,North,Road,37.13145953632747,212.3014162398066,1.7633365217908952,2.0501342061526704,4.0,0.0,0,91.91408858365583,1027.3431715861268,10.0
2025-01-14,West,Road,69.4056459084717,733.2744982284544,1.2078766215971588,5.364991714743453,8.0,0.0,0,255.21757909898827,1577.957897365584,26.721017912733448
2025-01-14,North,Road,231.31491096977635,1000.2106402435688,2.3891823480815653,7.7591947276680315,9.0,0.0,0,402.18846444200227,2897.133161699962,41.82238984623557
2025-01-14,North,Road,22.20905571010384,491.6027208150015,2.4232611419149235,4.805034512522013,6.0,0.0,0,98.65872671600602,718.1763484548669,12.67925740307377
2025-01-15,Central,Sea,73.90726006251036,344.5412476783483,0.3,8.112402773989931,9.0,0.0,0,85.19656034260538,1155.3237476682468,10.0
2025-01-15,Central,Road,142.6173145528978,814.911865588315,2.302914966212153,2.7195909758599597,4.0,0.0,0,301.41268518869475,1750.0483484576648,35.28276466113798
2025-01-15,West,Sea,6.419861078579202,388.54731035298516,2.1305872646277346,8.559388590194667,10.0,0.0,0,40.0,772.1795597160054,12.009398877967175
2025-01-15,West,Air,145.2605817846937,536.4097587163714,2.9837141567537246,5.593102364487215,7.0,0.0,0,412.62173766748634,3015.9318068845178,15.498862713012853
2025-01-15,North,Road,94.88494674210662,339.84257164462963,0.9785931047769628,5.929706694076343,6.0,0.0,0,165.13091728878226,1199.7338560806259,10.0
2025-01-15,North,Rail,156.67759384848236,1222.9393218544972,0.8191620831282819,7.24289811526215,9.0,0.0,0,400.25926473688287,2055.1861749359186,35.221102631306174
2025-01-16,East,Road,125.36667505090108,168.10813272471773,0.8817673825139212,1.208538264671627,3.0,0.0,0,103.82191094930155,1458.2305934029466,10.0
2025-01-16,North,Road,255.547616629248,685.8932129572778,1.4666700198009148,4.89186728213696,7.0,0.0,0,353.60803539174447,2818.761604778313,22.40083656240981
2025-01-16,Central,Sea,75.59340764529512,79.23115493834742,1.974781654330822,8.280739215294942,9.0,0.0,0,72.14415708500128,1139.2709197408199,10.0
2025-01-17,West,Road,77.91726776373716,676.4666822889056,1.0685363224190485,3.890354335901199,6.0,0.0,0,213.00456744303247,1176.7069306675394,28.491096043090877
2025-01-17,West,Rail,105.58714094784668,69.11049160954958,2.2712348317424262,6.370247344049675,7.0,0.0,0,100.64505846561649,1674.1793552328227,10.0
2025-01-17,South,Road,102.8666585433946,1217.3259678877503,1.5319207906476628,6.379688042181739,7.0,0.0,0,326.4416445811685,859.0732929156878,43.59438115384184
2025-01-17,Central,Sea,95.42989498408713,191.53339620878418,2.4037386728601193,9.8235595472677,11.0,0.0,0,109.07585348688359,2146.9589770081257,10.0
2025-01-17,West,Road,80.32808453529493,253.74452066351836,2.062795089917267,2.066099302891532,3.0,0.0,0,146.72602969816188,2170.4139215503,10.0
2025-01-18,South,Rail,64.12597062866432,149.2876419737006,2.4130316540071455,5.2945978205566435,9.0,0.0,0,115.89925950380884,1325.6952827391624,10.0
2025-01-18,South,Road,135.6645563920563,646.4939616122515,1.6615141711007904,4.611873314198038,6.0,0.0,0,233.2198374539529,2492.89476560731,27.586157150775108
2025-01-19,South,Road,68.54226805333106,263.4113921935406,1.5515654825576877,4.807154811095628,5.0,0.0,0,125.12083070150189,999.5457703244479,10.0
2025-01-19,South,Road,201.91596633868065,505.93044581012435,2.220143185270878,3.1824218395662265,4.0,0.0,0,227.1451679899743,3187.1394897811783,19.010941612282483
2025-01-19,North,Road,243.588618166279,1260.5054138928133,1.4938272356595907,6.7227542478957405,8.0,0.0,0,404.81012485572006,4252.763769094636,53.51823255924504
2025-01-20,South,Road,173.59620655804747,267.865587133927,3.6645194507753143,5.565501808981101,7.0,0.0,0,216.72537604348472,3422.6569623320597,10.0
2025-01-20,Central,Sea,57.934082460567055,216.44427778833384,0.3,6.580895245472072,8.0,0.0,0,83.23840363194628,1468.619201418412,10.0
2025-01-20,North,Road,130.30963749269551,949.2262698990309,0.4957346843553838,4.9661173467377004,7.0,0.0,0,245.04700944616167,2126.7298163575915,30.73901345987171
2025-01-20,South,Road,39.2809918004163,83.48349389427517,1.8796929278770493,2.9960030550295547,6.0,0.0,0,65.23057826461803,978.957097061069,10.0
2025-01-21,North,Rail,118.09441731010943,556.9083636798372,1.9011395264997895,8.006600140399783,10.0,0.0,0,228.771121901767,2151.2717393047055,22.584395150058924
2025-01-21,South,Rail,39.84533649349882,446.3047587579024,2.721183675363074,7.917618090886903,10.0,0.0,0,155.78340573356934,1385.895601590309,17.98553942547209
2025-01-22,West,Air,118.06673944655942,260.6936458250191,2.773156786797987,4.401539238054635,5.0,0.0,0,320.9398741252201,1405.896396817601,10.043289927008157
2025-01-22,Central,Sea,131.62526321470443,1355.8102392229773,2.106959243368661,11.71973551548849,12.0,0.0,0,389.7744084217934,2850.560928124509,58.24614318380648
2025-01-22,South,Road,20.110764760359167,683.5987657092577,2.335211337485985,6.195284389099095,7.0,0.0,0,213.55115952308537,707.0433804470393,22.146871032027953
2025-01-23,South,Road,48.36374930864421,536.136615547526,0.9853027494923854,3.3680164971076385,4.0,0.0,0,137.4713130172967,1165.380753287111,22.23415082615573
2025-01-23,Central,Sea,77.71448980790291,607.857590927617,3.115573946679956,9.912138122367768,12.0,0.0,0,190.05692244668896,1739.5248323212516,25.10431626475062
2025-01-23,North,Road,68.27458248663709,876.6357319714763,0.3,5.462354960978627,7.0,0.0,0,230.22899288284904,1268.1897050782904,24.566343546828858
2025-01-23,West,Sea,28.166630222030772,218.8466639851293,1.778935331624238,9.36640721238886,11.0,0.0,0,90.05663247812276,778.6695390092565,10.0
2025-01-25,South,Road,125.00036252107707,822.8861424148772,2.6746872263178227,7.508987485464315,8.0,0.0,0,236.07386225759936,1667.9280400032487,33.13697778033701
2025-01-25,West,Road,134.34297634065484,367.1983862336512,2.7871326628693396,3.90745216155666,5.0,0.0,0,209.45632182146957,2933.5029739299735,10.614039155277645
2025-01-25,North,Road,169.43884436655344,539.4756899828849,1.9416185031950266,6.552636010836551,9.0,0.0,0,239.57096918032397,1971.7917711675243,15.414351828414265
2025-01-25,West,Road,63.3656144561427,650.0286575416693,2.492092653670272,6.683578024433655,6.0,0.6835780244336549,1,199.50608742553788,1298.5239040434672,26.87143065223937
2025-01-25,East,Road,29.56289297493342,660.81804944157,1.4157480652754755,3.8127077060529198,3.0,0.8127077060529198,1,206.98664025102363,943.2498977181979,26.18519304318979
2025-01-25,South,Rail,69.70611514822068,612.6260614629696,2.661950036468537,6.049173584097149,8.0,0.0,0,240.0858084618723,1757.5124792205595,21.86315156855524
2025-01-25,South,Rail,141.9561407114881,1533.026648617512,2.1437868647120704,7.165681180764407,9.0,0.0,0,425.41883856267503,3088.417821785224,64.32535236964138
2025-01-26,East,Road,77.10078978879231,281.0535765595092,1.125989928020724,3.663319380649968,2.0,1.663319380649968,1,184.92091385755583,1118.3807647547455,10.0
2025-01-26,North,Road,44.33089326624256,1213.472394019971,1.7688072508911798,4.104850611906352,6.0,0.0,0,247.7835212101146,1012.3783651030844,30.41645706330999
2025-01-26,North,Road,116.1883590960998,614.6092427293023,0.5136001667864278,3.0989362342617053,4.0,0.0,0,214.03846243902518,2431.57760409446,23.92594542279515
2025-01-26,North,Road,177.97331609463657,748.0835445640236,2.0078409684758913,4.8899905885236015,7.0,0.0,0,304.03105146075734,2116.9357709037777,29.73211242432231
2025-01-27,West,Air,141.19202394360065,674.3250799980004,0.828579916274131,2.65669549180256,3.0,0.0,0,411.3364085154353,2230.746278694985,19.122260152358685
2025-01-27,North,Road,100.98349276336343,342.55858345923826,2.109589038714489,3.8624992488410195,6.0,0.0,0,160.19031369157963,1995.7703754794884,14.742777193124642
2025-01-28,East,Road,43.101598532133785,484.2996239084931,2.0652343596870493,5.976478243053661,6.0,0.0,0,157.75687903951098,1421.9468531853213,20.541030997349285
2025-01-28,Central,Rail,244.7724627594009,690.2047331692273,2.303171286432422,7.6403062105627635,10.0,0.0,0,343.59842236836084,3430.118864555746,22.093285411039492
2025-01-28,North,Air,53.31532604836176,863.2365894209139,1.5633137276753128,3.9255930282926315,5.0,0.0,0,406.0825418548179,1262.368975385653,25.429416450657136
2025-01-28,South,Sea,85.67441830511504,369.60717659018087,2.5217763564540654,9.960801627079757,10.0,0.0,0,81.8665715759709,1558.3701087394288,16.145878815955726
2025-01-28,West,Rail,108.51116567756874,308.27134588313857,1.1353712295196707,1.475449313091295,2.0,0.0,0,225.82916760969135,1818.7456982044298,13.82410268260488
2025-01-29,South,Road,184.85588957076067,387.4514828357569,1.5169546667883291,6.423481366798273,9.0,0.0,0,156.5177393798249,1549.1030750300297,14.672512906374731
2025-01-29,East,Rail,67.07175992208482,598.2876292048167,1.3112709604406398,7.17433827127303,7.0,0.17433827127303037,0,213.40374438642982,1256.5044885989869,16.54493340071635
2025-01-29,South,Road,154.47011233360763,665.2272360133728,1.18227827131856,6.84135162602796,7.0,0.0,0,269.2997652932227,3126.591313756197,26.870632796477437
2025-01-29,South,Road,128.91139164420744,160.47324518131768,3.0577671046115222,3.6825985980185925,5.0,0.0,0,190.00189830220012,1564.066817731045,10.0
2025-01-29,East,Road,162.2256680689389,512.1187105110176,1.2074557290617822,3.10128937643423,6.0,0.0,0,220.1291005506123,2081.8832545033097,22.144663372662446
2025-01-30,Central,Rail,78.5015509086833,1455.198359575022,2.9062128028341156,7.427101617630655,11.0,0.0,0,337.250434377631,1890.860011392585,62.42604157667706
2025-01-31,North,Road,55.63492376499547,552.4836589689853,1.4716541629741342,2.8762077943023217,4.0,0.0,0,236.85377352845327,918.8124443251713,19.18291909286826
2025-02-01,West,Road,162.07599524105046,591.7724684686522,0.4413589713760926,3.2280924454236297,6.0,0.0,0,194.49002969486122,2786.115786216493,17.224349893418665
2025-02-02,Central,Sea,112.75686101956856,517.1420121167497,2.9072819749967804,9.958580269373872,12.0,0.0,0,184.633103663985,1961.0627965128724,21.416927939376226
2025-02-02,East,Road,74.04416975745954,714.7960377488731,0.9723114020727074,4.347476255920949,6.0,0.0,0,178.21040610653822,1056.3827902670027,25.829836706772312
2025-02-02,West,Air,102.81015999128513,1557.9919350828554,1.0734466869654102,3.524944353610743,4.0,0.0,0,585.6404546348639,2373.003844465983,64.43939782317626
2025-02-03,South,Rail,42.91488110479578,149.99241649213832,1.76969581268819,7.289961229002646,9.0,0.0,0,89.31774499712051,1135.5238827828914,10.0
2025-02-03,East,Sea,106.24109671275599,626.9289779608185,2.077514242945675,8.648850795190198,10.0,0.0,0,214.12123890292673,2169.374844914333,20.495132694018558
2025-02-03,West,Rail,33.06752306222256,330.4768620547493,2.56252289750334,7.3472667950978146,8.0,0.0,0,126.87301459267816,863.513759278855,11.559891316843567
2025-02-03,South,Sea,25.328746048632873,1026.8912656913321,0.3,8.320821727866155,11.0,0.0,0,209.06128425417364,834.5447041143481,35.35442552121455
2025-02-03,West,Road,41.51917266037741,369.77966839626515,2.6196493994419567,6.6825311602918545,9.0,0.0,0,98.10181490667217,1357.6619819115463,12.745123517206366
2025-02-03,East,Road,54.43256037642533,691.3727594154406,1.6097978095556433,3.966788264370125,7.0,0.0,0,201.634258719301,1121.7923713717792,18.518320718350076
2025-02-04,East,Road,68.73624338271911,869.9974772861244,1.827457597464843,5.56892628910563,9.0,0.0,0,285.7714945343824,1477.7896016205923,27.162222020524286
2025-02-04,Central,Rail,23.427024479191125,889.1538899506814,1.5881651185963088,7.587442103877496,9.0,0.0,0,229.00648819753928,675.9369038666198,26.96085476209955
2025-02-04,West,Rail,30.98891846535242,801.6853588878901,1.6556787332303857,6.589352853216316,7.0,0.0,0,170.45113580051725,1222.1057195398173,23.712671091296485
2025-02-04,East,Road,95.19009205877649,305.9919578612829,2.0534032940938918,3.2480887881735176,6.0,0.0,0,188.19442311485844,1403.0919038587356,12.027293346961025
2025-02-04,North,Road,14.170595401357444,2394.2772051816187,3.17439444454018,10.511816792760666,11.0,0.0,0,436.8147640079342,651.1874873565454,106.51247115940473
2025-02-04,West,Rail,60.559387196347856,107.41071230505405,2.7293716816236153,5.755509161334618,7.0,0.0,0,121.1552718837487,1202.072245222763,10.0
2025-02-05,North,Road,64.93734162765789,369.3081129849539,1.2525284339681422,1.5189308540159705,5.0,0.0,0,144.5105211846322,1504.452323930033,10.0
2025-02-05,South,Road,92.89628074965458,465.3891142555931,1.168394518931688,2.4729947624532924,3.0,0.0,0,157.68477338206418,1314.5981833447302,14.929921002628136
2025-02-05,West,Rail,79.09681635723892,1040.9494486184044,2.1614546051964396,6.74915858121107,8.0,0.0,0,324.1032470646926,943.4271073049606,29.776080168860428
2025-02-05,North,Sea,63.05761794344032,2065.5289028579236,0.8397130029573212,13.44733945643098,15.0,0.0,0,468.49239603150494,1214.764373316472,89.70671309767276
2025-02-05,West,Road,50.02199655258302,818.8473103456655,0.5318102427651576,3.73781016400988,5.0,0.0,0,246.3520022562659,875.4281194612796,20.502556175683356
2025-02-05,South,Rail,164.91387351145517,230.19769544875336,1.4951118761168047,6.863686991505751,7.0,0.0,0,223.78172730747204,3524.0256454559258,10.0
2025-02-06,South,Air,80.94346699213548,107.06708342806944,3.329875145437563,3.9646514174869463,6.0,0.0,0,311.4097014470849,1578.584848942802,10.0
2025-02-06,South,Air,145.07881050060007,788.6679481901222,1.1231222389283508,4.548194780249863,5.0,0.0,0,424.6942635280432,2694.1180330022326,20.504766708058803
2025-02-06,West,Air,88.48676782577198,470.8177721848534,1.7362132579771705,4.287571721493281,6.0,0.0,0,436.1167126366406,1341.3131414150716,20.53968526077466
2025-02-07,Central,Road,100.27684780726258,480.8127339347605,0.5925131275467079,2.7753197007367785,7.0,0.0,0,181.6745091374862,1772.4157736495351,16.86858749697068
2025-02-07,West,Road,51.900297839201784,1157.0625947644212,1.7376659158081122,8.116408746878015,10.0,0.0,0,297.32257721607135,945.3126835788634,36.98336389070363
2025-02-07,East,Rail,258.6620520599784,854.1085885036283,0.7978129209836964,5.596655811424897,7.0,0.0,0,438.2096899626123,2341.0230958062043,33.466934037803966
2025-02-07,South,Rail,86.12653975961045,743.1531228396062,1.2099853315671103,6.607459000188005,7.0,0.0,0,267.8397045363648,1526.7363519207588,30.891361060185233
2025-02-07,South,Road,77.6794526221898,628.5993771012751,1.3646475850831903,4.6240895559249795,6.0,0.0,0,157.8781468544703,1407.4283707519362,22.106742552197215
2025-02-08,Central,Air,49.58008914992282,371.9282901467294,2.0191710050023026,2.9679535596486426,4.0,0.0,0,321.32500504783644,1224.4055318398662,11.097482124407868
2025-02-08,Central,Sea,126.34753524697373,1162.2322377835985,2.4726083020976297,12.176202807446376,13.0,0.0,0,313.51269258660636,1744.1748609324281,41.26048123776339
2025-02-08,West,Road,144.33364883204092,296.19303097610197,2.1211465895555026,5.013506134119634,5.0,0.013506134119634083,0,244.84515480965607,1819.4915577020329,10.0
2025-02-08,West,Road,107.65128300317376,289.6732239814935,2.338782522249726,4.608061589747316,6.0,0.0,0,170.2431821905491,1985.26414211049,12.44863184416986
2025-02-08,Central,Road,56.134667162322295,788.3988245700821,2.845042229372095,5.572850721306658,9.0,0.0,0,178.64457867448823,777.7597216768639,34.54098798750337
2025-02-08,South,Road,53.19739820038799,344.03156060308834,2.56755416719727,3.7896172251295037,3.0,0.7896172251295037,1,72.30472935071461,1091.009163420653,10.354844702024401
2025-02-08,North,Road,106.57887232679512,429.63934282231526,3.2405968553888957,4.962872797656611,7.0,0.0,0,198.71460761631414,1281.1591624806842,15.512382494493806
2025-02-08,East,Air,49.717105537763224,935.4712453268635,2.6121150719523896,5.59581521585113,8.0,0.0,0,387.8598305601321,994.2930671375208,34.014674711064465
2025-02-08,North,Road,105.05677418143162,1333.663397090152,2.3351948168833108,7.228869878720599,6.0,1.228869878720599,1,375.7785979018745,2274.6381923744075,54.59313877149019
2025-02-08,Central,Road,70.85300468665578,531.7378034643413,2.6642604327203534,8.151686882352644,10.0,0.0,0,193.27419290817673,1731.5407259256604,15.996619990934095
2025-02-09,South,Road,174.0596196965818,473.56435589189846,1.013353889513815,2.4604066375322446,5.0,0.0,0,172.96953619126543,3389.0737303957167,12.388371744231343
2025-02-09,West,Road,96.103958896154,522.6399439883185,2.7444820048012,5.27349659862078,6.0,0.0,0,224.89930508031824,1783.4837734385862,19.336095720955683
2025-02-10,West,Sea,96.68341539427276,346.507035627144,2.354113706334677,9.600187207406025,8.0,1.6001872074060248,1,149.15954669269345,1418.0025996274242,13.02405679194769
2025-02-10,North,Road,109.97908299604258,305.7358272218092,1.658515871940041,4.522215638058062,5.0,0.0,0,191.55672096436655,1765.4374608908224,10.0
2025-02-10,West,Road,44.922748858068545,1808.2395677599775,2.0105319846957177,8.29476966455611,10.0,0.0,0,412.3904525061787,784.0607351210316,63.41671465641514
2025-02-10,Central,Sea,66.42067875129167,324.4215982653724,1.823249669915449,9.029407113916898,11.0,0.0,0,100.39274084215417,1250.4041234389117,10.543320075737842
2025-02-11,Central,Road,138.41271065781464,789.6586796488668,1.4980542759502002,3.339986135391656,5.0,0.0,0,381.190434051721,2768.684257270971,26.986175604642288
2025-02-11,North,Road,79.31900408096669,457.3583747971076,3.0494203876173493,5.741851849093508,7.0,0.0,0,141.6482167938921,1410.1515725322301,12.797732715089234
2025-02-11,East,Road,259.8510286276945,344.67598689843123,0.993115745832613,5.178500250177247,8.0,0.0,0,269.7543608397059,3023.064859363968,10.0
2025-02-11,Central,Rail,206.96870535352792,882.9163218942373,1.017423317076481,7.711260306813659,10.0,0.0,0,351.0517930373196,3436.9040938080016,25.864404475241386
2025-02-11,East,Air,141.94003715416258,214.00206835128014,2.1953623503439847,4.895088401685404,6.0,0.0,0,350.5838429727606,2873.1200445110767,10.0
2025-02-11,West,Air,103.0484988439903,538.8318465387931,2.4839192293905668,4.73894728345016,6.0,0.0,0,317.20437578928727,1689.7148551589166,24.17870202049053
2025-02-11,West,Road,87.73840921995583,1122.4145845112187,2.2292718138530248,5.347711489416248,6.0,0.0,0,329.61944705914203,1464.6673108240957,32.182855321742025
2025-02-12,West,Rail,161.5304546246928,247.22965504659342,1.7066154840671313,6.310444628920893,7.0,0.0,0,183.25003715881806,2405.8494373192916,10.0
2025-02-12,East,Air,54.051704317765164,1354.7119891035768,1.0598180500167573,6.481039875768776,8.0,0.0,0,456.3176456223025,1046.6626627305009,60.89317486179386
2025-02-13,North,Road,89.9259890826546,908.0239276062135,0.8627938838168591,4.532836056307054,4.0,0.5328360563070538,1,251.35868935815668,1484.7718864564242,39.917686062156704
2025-02-13,Central,Sea,108.58732434505897,213.553269491674,0.6915742020929223,8.435818084956534,10.0,0.0,0,118.05041200245861,1197.5022070432528,10.0
2025-02-13,East,Road,105.03423901555267,521.960758377323,1.0996440570690031,4.417322696612554,6.0,0.0,0,196.87663471304236,1933.8055319308987,15.125802845466401
2025-02-13,West,Road,79.41715799018041,940.5273051268612,1.8574788073643542,7.399333513380249,8.0,0.0,0,261.10190172675783,1615.89252351271,34.5683104309585
2025-02-13,South,Sea,102.69598321462196,396.3365814441697,2.2407023552308973,7.0783679776315065,9.0,0.0,0,136.48565646617968,1790.3022652195716,12.514674432823583
2025-02-14,Central,Road,212.8324496803797,673.9280888737773,1.4614277601053671,4.304340439248973,6.0,0.0,0,321.1470874920093,2565.6076091987015,29.738852652437814
2025-02-15,South,Air,170.4829649973655,140.3485267197696,1.86976987124042,1.9116137769230734,4.0,0.0,0,365.7888026133416,1724.2512530497174,10.0
2025-02-15,North,Road,39.34667068115362,1159.6104127710444,1.4685564866913383,4.642064612143683,6.0,0.0,0,306.9285879410277,945.8028517511899,52.171292978132435
2025-02-15,North,Road,106.62447420730378,516.046582373369,2.3511831477673923,3.083608206419235,5.0,0.0,0,187.59229717708948,2378.85317125864,14.664974088033599
2025-02-15,North,Air,112.32573737396842,612.0829689953591,1.0521282651420707,5.990055967116936,9.0,0.0,0,448.9234212079125,1286.8702368627935,15.585926497011645
2025-02-16,North,Road,127.29088387262927,87.81345729904352,2.594138443495173,4.215809966838266,3.0,1.2158099668382656,1,159.86160987933565,2222.291756233983,10.0
2025-02-16,North,Sea,50.4437083143007,448.5027404428212,1.6351634676991413,9.738203696050876,11.0,0.0,0,142.79947561533277,1165.5252737099136,19.444906835189244
2025-02-16,West,Road,63.110394691402405,700.3111448756181,1.6710241190009465,5.326681523947478,7.0,0.0,0,217.92803544994888,1327.7783589909354,26.563566981934432
2025-02-16,West,Sea,50.217739339074754,221.05937250862786,2.55056609644103,7.274494870282064,7.0,0.274494870282064,1,104.19156973934204,1050.8466983627304,10.0
2025-02-16,East,Road,189.53509449475092,186.02951495612274,1.0973381702397889,3.0743481582950327,5.0,0.0,0,155.5536921120983,2241.3497578467473,10.0
2025-02-16,West,Road,58.317632792374006,526.0564134516875,2.088771277786655,5.30047833519684,6.0,0.0,0,144.60801367824095,1568.7263955523097,23.644934874449742
2025-02-16,East,Sea,154.0232947930919,328.26029097321236,2.2313004572247093,8.890302489570125,11.0,0.0,0,192.89009975170458,2976.896516035788,13.839809563758385
2025-02-17,North,Sea,192.68617569935478,155.2842991245405,1.8438695530032048,8.308207735692061,8.0,0.3082077356920614,1,146.20984471245617,1596.3278680530375,10.0
2025-02-17,North,Sea,34.25379641574066,263.0012126405279,1.7157160490373116,7.51972026587483,7.0,0.5197202658748301,1,60.162235661681265,784.0802214813552,10.0
2025-02-17,West,Sea,123.24942423935526,843.9258722116325,0.3,8.041653540143136,7.0,1.0416535401431357,1,270.38266247028633,1871.5659433435535,37.89700172020848
2025-02-18,North,Rail,75.78039359517625,851.0490655249935,2.6551259674280354,5.987892254859087,8.0,0.0,0,316.5965325461292,2026.9560818559512,32.39324927986708
2025-02-18,North,Road,100.43614522679958,547.5582711560721,1.1392419895350325,2.8925503640101713,4.0,0.0,0,211.43174579529932,1040.297405296374,20.669541469095638
2025-02-18,Central,Road,116.02996605230067,1540.9676278313668,0.3,5.412133638839638,6.0,0.0,0,380.3385829342634,2226.621851586764,47.36337939539167
2025-02-18,South,Road,161.56341783256062,121.95695980291256,0.9840905591895728,2.1895620352945215,4.0,0.0,0,179.20375711513017,2723.0470786593105,10.0
2025-02-19,West,Sea,49.82453202095003,773.9881478389004,1.7154918058420823,8.904277805074996,11.0,0.0,0,150.25300483360382,1411.6382100115397,33.70067312815878
2025-02-20,South,Air,283.60691802172994,1016.6756201939284,1.8852082724375092,2.6183446757349573,4.0,0.0,0,629.8397798568765,5032.369011237764,38.07087337896261
2025-02-20,West,Road,95.47217604755541,136.00345361585886,0.3707175418418409,1.0676650982596962,2.0,0.0,0,122.67454454003389,1328.9264289605492,10.0
2025-02-20,North,Road,31.42456254999333,365.82238872080933,0.6275942967808561,2.9035037880048744,4.0,0.0,0,111.20311502633731,972.0285577284988,11.73318663782433
2025-02-20,Central,Road,65.23347189425408,303.0946611981447,1.374055860114022,2.443117076104173,4.0,0.0,0,169.40690491179626,1403.1053583614935,10.774273612357154
2025-02-20,South,Rail,25.81781169190702,216.83685836336352,1.5502790261313666,4.213727003488813,6.0,0.0,0,124.31040199846188,494.2934541545971,10.0
2025-02-20,North,Road,101.06465379326762,515.6111133029525,3.1835736413834193,4.124545905614305,3.0,1.1245459056143048,1,159.90801099709242,1749.5072163994969,18.244106713861942
2025-02-20,South,Road,110.10044645056425,142.26267256986384,1.978389231068579,2.731235908319779,2.0,0.7312359083197788,1,154.8215635177073,1549.2206437734092,10.0
2025-02-20,West,Rail,214.77433738957444,1017.248578694303,1.9010544664269355,6.786402031171159,8.0,0.0,0,390.07928182364276,2497.9868587259293,31.448983266326277
2025-02-21,Central,Road,39.90812813973045,1034.6364910100756,2.209715621196989,7.1507741385317205,10.0,0.0,0,246.76084945216925,980.0331139897562,36.11599073843107
2025-02-21,North,Rail,129.25369265068966,78.40501801216327,3.0072887749928734,5.854962533991577,8.0,0.0,0,226.7178272224388,1545.2700781412561,10.0
2025-02-21,North,Sea,203.62236130750532,745.5645128984679,1.8154839527399762,6.515649723725726,10.0,0.0,0,300.10741475731953,3166.8479642609427,24.10450119961116
2025-02-22,North,Road,123.3358033421511,274.6426526697013,0.784320550914567,3.561235015211982,4.0,0.0,0,177.3570215756971,1769.7193241344435,10.0
2025-02-22,North,Road,92.46893737689574,525.9543097406133,2.1966274202400635,5.278713116718874,6.0,0.0,0,170.61636068969065,1434.43278724598,23.067063725541583
2025-02-22,North,Road,33.72034826981443,130.10436738533676,1.5612490534415642,6.242087287127497,5.0,1.2420872871274966,1,110.0022832478002,711.8847819951816,10.0
2025-02-22,North,Air,37.17425281861395,754.060105571129,1.4991449537775052,4.782179828369956,7.0,0.0,0,349.823279871653,913.3910152343362,28.65343997536025
2025-02-22,Central,Road,96.68256568755496,1081.826710157743,0.9307307930111681,7.220802269388695,7.0,0.2208022693886953,1,218.8464048277834,1115.8466769914107,30.661928609735952
2025-02-22,South,Air,171.13024005227163,1303.5311522411685,1.7034106058136418,5.171349356078402,7.0,0.0,0,582.4102810435334,2235.8769889552996,40.536377319729944
2025-02-22,North,Sea,7.537175935767726,305.1435887762411,2.8365730307786357,9.692010398324296,13.0,0.0,0,75.19625492705914,921.629061994031,13.211080205764453
2025-02-22,South,Air,52.25208499758061,340.5286299392297,1.9932804188685331,4.974871039868787,6.0,0.0,0,326.90623175928135,1213.0847237882185,10.0
2025-02-23,Central,Road,90.69967928116641,279.20440688505505,1.366642820994843,2.246283838331229,3.0,0.0,0,160.78598981111725,1645.2963646132841,10.0
2025-02-23,Central,Air,97.70417340440801,201.70885777661897,1.3652890063234664,3.9109897006205014,5.0,0.0,0,340.39581483191694,1914.1042766643423,10.0
2025-02-23,West,Road,96.09562705587052,547.0248225998437,0.371793225660888,4.448163503854632,4.0,0.4481635038546319,1,164.7243829985439,2118.151650966744,22.788160031665715
2025-02-23,East,Sea,140.97665801960898,324.94332091541605,2.342160875252835,8.905679221194374,11.0,0.0,0,212.23312012827137,2608.5308730121133,10.996582869761475
2025-02-23,North,Road,92.1465325436674,859.5922623884014,1.390679181372743,4.231487200123643,5.0,0.0,0,249.15677999585463,2083.496601827995,28.358194546001574
2025-02-23,South,Road,135.16824680067077,461.11603332498623,1.2728388453863126,5.182262480635328,6.0,0.0,0,239.83001114528813,2724.9835737287767,20.465686908955824
2025-02-23,West,Road,96.07807559863392,231.15660989603722,2.843179496411638,6.312647075758663,7.0,0.0,0,148.79876726762953,1487.7719841118055,10.0
2025-02-23,East,Road,95.7521205899525,582.4122280521945,3.2732395811162935,5.855797018723848,7.0,0.0,0,165.8547977406247,1681.3293050121476,25.30252187156311
2025-02-24,East,Road,195.00558764879284,972.2407477962925,0.5774201173148381,4.698679919544178,5.0,0.0,0,367.92264094102575,2309.6101483807724,33.699684320522216
2025-02-24,East,Road,106.98265883781954,591.6420138456493,1.1212339821656074,4.5065456936527015,7.0,0.0,0,215.3301917958917,1348.2213221860288,25.180969855400203
2025-02-24,South,Road,165.53477082913855,1167.1990651423125,3.1030144700598257,7.156573700977856,10.0,0.0,0,404.8652244811078,3216.4307768101007,33.199179193756784
2025-02-24,Central,Sea,57.9869652748205,73.40259462301287,1.2436642765329373,9.44172462867651,12.0,0.0,0,53.895757662876875,1374.2100152498397,10.0
2025-02-24,West,Road,74.30902677731997,471.49521436665634,2.0319258261296724,5.032081686473065,6.0,0.0,0,148.17170677478637,1146.7088466726782,13.846702945547461
2025-02-25,North,Road,107.00427169712287,576.8098740934448,2.3881795691480567,4.3727673494899335,6.0,0.0,0,227.15908972011457,1352.6534913193495,19.30025395384861
2025-02-25,East,Road,81.57607229160361,253.3828477011734,1.4104825140086203,4.928343264914752,6.0,0.0,0,98.271669552572,1076.7742447585215,10.682454088782908
2025-02-26,North,Road,138.3998935332896,543.0605360123207,2.737401549178486,7.4977708236823535,9.0,0.0,0,270.178798942367,1672.1917138276003,24.115574232072778
2025-02-26,North,Road,52.112170371301936,451.9964332455554,0.3099584881770874,4.372482475809544,5.0,0.0,0,109.9537208808369,1135.1616921690916,18.008738273077377
2025-02-27,East,Road,83.59465389498483,225.69528217612836,2.80979626625769,3.7146037244979304,5.0,0.0,0,95.92812323351083,1202.5249857354788,10.0
2025-02-27,West,Air,221.37035778644324,351.61606077640016,1.261393236168265,3.390183902999716,4.0,0.0,0,437.69840552067865,3357.75980482592,10.784388243261514
2025-02-27,East,Road,108.74888747867033,819.1065625695973,2.491750192617788,8.593164231525911,11.0,0.0,0,227.2633982995416,2209.857270881207,25.656202888951835
2025-02-27,North,Road,50.093750991501004,68.68838661687529,2.5090828062310826,2.385496419716184,4.0,0.0,0,78.33606019937547,1430.4272944332156,10.0
2025-02-27,South,Road,71.40092733915672,1055.4817902128802,1.6364640147354608,3.704515074678894,4.0,0.0,0,280.23351295773836,1543.5305863378114,27.835028356375524
2025-02-27,West,Air,34.67302357557481,174.80320540583548,2.3161022710350734,3.133642080291747,4.0,0.0,0,235.6693570275457,1050.1398698841795,10.0
2025-02-28,East,Sea,73.40814674848274,797.0815606738189,2.87640780139718,10.534815410571952,9.0,1.5348154105719516,1,182.9847894764881,1513.4109261099509,30.167263010344602
2025-02-28,East,Road,66.27771583884495,84.80473263308039,0.6780213324518303,1.599952405962519,2.0,0.0,0,122.0896954570275,1170.796051103417,10.0
2025-02-28,East,Rail,33.982209925599356,433.7161172490302,0.8843478499780021,1.5296874487054133,2.0,0.0,0,182.14228683270647,1231.267015986215,14.130733599245326
2025-03-01,South,Road,157.59429267760726,297.037976018487,1.8861643610424992,6.362914310766448,6.0,0.3629143107664481,1,265.8410463023986,2158.2946093862897,13.136948371777844
2025-03-01,West,Road,179.29212578365227,1234.9259139370665,1.2884489754627935,7.7084403749665,11.0,0.0,0,405.1670335316765,3330.382795795853,53.376778230095724
2025-03-01,West,Sea,91.67843560675416,769.4362834994332,2.385795349511646,8.920713340000022,10.0,0.0,0,187.97587433807936,2186.473827464685,24.567321519275012
2025-03-02,North,Rail,77.84680540659329,688.440037853932,1.8611016132880558,7.078839623803486,9.0,0.0,0,272.34345162760667,1920.8825089982047,20.005674084427138
2025-03-02,South,Air,117.45262813506803,447.17660597815666,2.9661582682506,6.405309556335365,9.0,0.0,0,368.6352615965928,2562.917083864484,19.69220382570674
2025-03-02,South,Air,107.01392268303157,685.3817603517535,1.7388951850617316,3.9252503093208495,7.0,0.0,0,447.0970083171499,1743.8489142045469,28.220607276751664
2025-03-03,South,Road,120.82217579928607,497.3420665519273,2.1880518571729968,6.560440859269441,8.0,0.0,0,222.76893854518318,2265.1173615277803,17.113006502671148
2025-03-03,West,Road,20.21359229645838,1120.7587387070605,1.6031308508077542,5.7233866565376275,6.0,0.0,0,209.31405267898327,791.0624684069951,47.89429532897673
2025-03-03,South,Road,35.91132744853755,2445.4739524095244,3.044331476310866,12.794556769173004,15.0,0.0,0,411.40608320837725,832.8843762279416,107.67442413303674
2025-03-03,East,Rail,75.3576115551655,483.2326476579777,2.1128455261961983,5.116996464874516,6.0,0.0,0,212.27756319048498,1738.2758099052844,12.271754256658646
2025-03-03,West,Air,337.6529413878866,287.27643027731574,3.3229881793597444,3.349576813413864,4.0,0.0,0,547.7023462991413,5031.756661881614,10.0
2025-03-04,East,Sea,79.97447811506137,311.1324987342303,4.027670559345262,9.3842839813431,11.0,0.0,0,119.45736948015984,1260.6991044017411,12.729665153879711
2025-03-04,Central,Sea,84.86952965413944,791.0993439003914,1.697903545258597,8.039176670420524,8.0,0.03917667042052386,0,202.7943876001687,1255.8273628271552,21.88004352994749
2025-03-04,North,Road,58.88539369345581,571.8411879623793,2.86237042774837,3.530492985923295,6.0,0.0,0,193.43352144097946,1055.5351367326416,17.314876180161846
2025-03-04,Central,Road,52.71014231390345,1242.2486554849343,0.3,5.244490318411908,7.0,0.0,0,284.04023811525735,1567.7081050594206,54.7939942839091
2025-03-04,West,Road,367.55002324851773,217.63003160433337,2.9478851037014944,3.1672492720544754,3.0,0.16724927205447537,0,335.3026755026604,6114.053802391399,10.0
2025-03-04,Central,Road,129.22030043464787,436.0202734041315,2.949620718507792,3.5127041448853187,4.0,0.0,0,135.01150015406256,2575.5597437957877,13.218569731949547
2025-03-04,Central,Road,85.17721976439154,398.70760437078025,1.4641858452665277,5.246505260666203,6.0,0.0,0,139.93300452773394,1288.765529826277,12.236026651353459
2025-03-04,South,Sea,336.59062141388927,1031.5318781745532,2.5676709507036,8.83956073872719,11.0,0.0,0,501.59222304732475,5319.3858013390345,34.80012709307097
2025-03-05,North,Sea,120.17069203801206,301.8704478569365,1.0457770810132188,6.126656092878545,7.0,0.0,0,172.7231038438248,2292.4196025733327,10.932173591358154
2025-03-06,West,Road,170.66375159031944,2267.4284196684357,2.9810987030968867,9.799634522136254,10.0,0.0,0,536.6363598918163,1534.5531868856579,73.02363423125112
2025-03-06,East,Road,73.3534598918949,723.1856311788772,1.2385299586476495,5.182671796324281,5.0,0.1826717963242812,0,226.31020544951957,1390.320615461141,27.554693241771226
2025-03-06,West,Road,30.4669862508613,203.49688661412756,1.8246287921410371,5.999435615989846,8.0,0.0,0,123.40104517729624,909.9194718089009,10.0
2025-03-07,North,Road,66.2916509537082,529.805201821665,2.3038085854989214,3.9000310251091435,4.0,0.0,0,161.21230183787617,1750.5159868550056,19.390940059790676
2025-03-07,Central,Road,39.828109800949754,186.3427456046938,1.641214118825942,1.4171906174216566,4.0,0.0,0,86.06706049008172,718.4451275024469,10.0
2025-03-08,West,Air,148.7191050787252,802.6956054587154,1.5391787692144772,5.345433029335479,4.0,1.3454330293354788,1,481.0207517944835,2159.166708203502,33.57474989367468
2025-03-08,West,Sea,91.0468127113564,624.0132250533411,2.9017278948629737,8.752237164435776,10.0,0.0,0,171.77052777047152,1695.5221088691706,19.69665973690597
2025-03-08,East,Road,273.994031727467,217.63791281455482,2.748692658346049,5.7640388505263385,6.0,0.0,0,258.72002972071147,2844.0193868449933,10.0
2025-03-09,East,Rail,52.84080524793607,193.82149403424603,1.1967076677141528,5.973980584270489,7.0,0.0,0,83.42276766417265,1280.4746472514798,10.0
2025-03-09,East,Road,58.27878529332788,302.40713201483345,1.5526952037495354,2.950489251011445,5.0,0.0,0,179.16317866004408,1350.3155482857883,10.0
2025-03-10,North,Road,177.22003238948903,252.85248678676538,1.826850843896973,3.724960940701155,7.0,0.0,0,239.42393715046802,2303.336104316147,10.069856206654432
2025-03-10,North,Road,156.65909232271,1137.9873319468722,1.8714437006507014,6.374535724345516,8.0,0.0,0,396.22282913246113,2631.128890278161,51.043310240582585
2025-03-10,West,Road,242.72758160667473,1576.3203833772648,0.676675008306201,7.078303762106975,9.0,0.0,0,539.9182714510022,3332.6456800820138,62.97729911831434
2025-03-10,East,Road,76.35351203244797,454.23744540960126,2.5243506939638207,4.2866672642191235,5.0,0.0,0,173.7469317671769,844.6399658601848,18.7456427481864
2025-03-10,Central,Sea,83.67621739969567,1141.2200738568417,2.377900243855437,11.496265233433258,12.0,0.0,0,297.75473493652066,2043.0890985840529,37.516330697886985
2025-03-10,South,Air,83.85838360825853,1554.8154772068685,2.538094528442839,5.514878719201875,8.0,0.0,0,533.5211042284221,1979.8107963592965,63.4229232169183
2025-03-10,Central,Road,65.92409203151912,538.1409035148664,1.8064193934874138,5.181696450349763,9.0,0.0,0,165.72096134101736,1144.5762238616026,21.100619445783583
2025-03-11,South,Rail,88.93760594990596,539.0209359346077,1.235335189287884,4.441178706460477,8.0,0.0,0,184.02951892533045,1920.1569149938719,24.131828719874576
2025-03-11,North,Air,67.98172862410183,294.9918875126346,1.5099614475598686,1.6622718795366371,3.0,0.0,0,296.94160670602855,1607.090446824663,10.0
2025-03-13,North,Road,136.76946422745212,249.84985074960298,2.150777405597254,6.486681653951068,8.0,0.0,0,167.70757059869607,1706.8019441795245,10.967494354989
2025-03-13,Central,Air,90.0306226481772,678.935409617231,0.5690631416539247,1.415283757085186,4.0,0.0,0,421.1595693617665,1260.0130686308985,27.20953498613406
2025-03-14,North,Road,22.619287366955614,711.3208319756518,2.0939717312447326,3.8661547211121983,5.0,0.0,0,229.93806094867045,539.38341426215,20.18541717128306
2025-03-14,Central,Road,104.12915118304879,349.3415986601975,2.230772029422185,6.391428094514467,6.0,0.3914280945144668,1,160.34515606112802,1337.2718084681824,15.244717251997297
2025-03-15,South,Road,68.7017459314422,62.25903943554521,0.7909361612699344,4.6604550351629275,6.0,0.0,0,87.51342200414503,1485.2641209279914,10.0
2025-03-16,South,Sea,126.17292136961596,282.2816029104605,1.6895715024942075,7.016159751346968,8.0,0.0,0,118.60238573385118,1825.6126640665857,10.50795810994668
2025-03-16,East,Road,77.41023683508091,876.3053870155322,1.1804236991567671,5.680402968708112,9.0,0.0,0,268.68232048849865,2360.4498505936867,27.992252478127266
2025-03-16,North,Road,141.30368932659218,268.68845523844254,2.0637596836712127,4.127413389391726,5.0,0.0,0,245.5898025253486,1689.4577424425556,10.0
2025-03-16,West,Road,270.5717252225459,562.4995511351523,1.8478356850321267,2.400177970081089,2.0,0.400177970081089,1,338.5936106293138,4195.457900779465,15.358674058108607
2025-03-16,South,Road,120.15343612615263,576.5884281576294,1.4588849347883246,4.468714662933714,5.0,0.0,0,182.72070027181437,1819.79554400476,17.856982719045654
2025-03-16,West,Rail,90.10332730894069,433.3727821843108,2.061579242743567,4.327920761408634,5.0,0.0,0,149.3272351743147,1958.857168716612,14.17839979485759
2025-03-17,East,Road,101.56432046236606,1065.0788101769058,2.2733772810931328,2.313045461912737,4.0,0.0,0,318.1517723578321,1498.1500230883591,31.44460396854378
2025-03-17,East,Sea,69.2273683110867,182.19120682902755,1.2652520532534521,6.0476434136860515,7.0,0.0,0,72.2549937991692,1620.9127379982224,10.0
2025-03-17,South,Sea,145.61063333749917,700.4723096443786,0.8115539397054692,7.543097982868025,8.0,0.0,0,224.7529977848984,2467.324252064715,25.366238193350362
2025-03-17,South,Rail,61.60908333008433,569.2828745259495,1.829357326584991,7.600828615851789,9.0,0.0,0,176.91255866314958,1302.656327348847,16.44767632503087
2025-03-17,Central,Road,87.57646778067394,1558.246424367179,0.8591343420541484,6.954017957048969,7.0,0.0,0,411.32488063779255,1479.573831559294,39.4028325477845
2025-03-19,West,Road,138.09437250026863,109.59260102932012,1.2472473587648851,1.754359451318743,4.0,0.0,0,230.34108528467954,2481.5276172595654,10.0
2025-03-19,West,Road,75.33962651000155,335.0371992155344,2.798252298062663,6.179731148969928,7.0,0.0,0,110.05365812352976,1045.5800194948474,10.0
2025-03-19,West,Air,87.99300027305769,1183.7785218916777,3.4077201086318194,8.363747425880597,10.0,0.0,0,509.79599877849415,1339.7030139826365,40.82023648607257
2025-03-19,South,Sea,70.81310740187857,395.53850943983883,1.7707526089670256,8.403094846751337,9.0,0.0,0,172.8601947634878,1227.4715243847975,17.52036099014935
2025-03-19,North,Road,58.54966486215698,301.3885252486814,1.7317656455642736,3.7907188413544275,5.0,0.0,0,132.50594571355853,1462.8338400287719,10.0
2025-03-19,Central,Rail,48.60420326626052,850.1603889879568,2.204310783276443,6.3324104734163384,8.0,0.0,0,261.40589941915107,1110.8482393997228,22.03585829827059
2025-03-21,West,Road,46.15916477282796,70.85681458540824,1.139106798767722,2.562606398383708,4.0,0.0,0,81.88680735888447,1332.2110761963024,10.0
2025-03-21,East,Road,43.295414980514266,1217.967669974758,3.553388949126296,7.649761930442441,9.0,0.0,0,219.7256166873488,997.374181682309,38.37270988273572
2025-03-22,West,Road,82.31673916317482,104.99576534198161,1.2178308368255233,1.8878863196632054,3.0,0.0,0,91.27376474107675,729.5787888305915,10.0
2025-03-22,South,Road,146.95207729052146,972.2078919775358,1.9372753296519292,8.265253808354458,10.0,0.0,0,374.0552798701258,1602.9563913926834,24.613862062409577
2025-03-22,Central,Sea,84.68767278790776,1462.1845049289186,1.8701483144500626,10.792027073789694,11.0,0.0,0,309.66820487188767,903.70648263647,59.97889312974153
2025-03-22,East,Road,53.48434650014184,682.7568171978753,2.687841548521879,5.069220582733153,6.0,0.0,0,218.77041799717463,1045.9748735149456,26.027660983603123
2025-03-22,South,Road,79.28201823417297,198.0956301473406,2.1697607192539112,4.203011417219669,7.0,0.0,0,159.68364459177695,1270.4918506744907,10.0
2025-03-22,West,Road,35.015648337723114,510.0853226850443,2.7044731181312236,5.485153154652436,5.0,0.48515315465243614,1,166.2427072989768,743.0523262789787,21.363801574021736
2025-03-23,East,Road,45.288977392221355,396.51676597611856,1.7283943750707695,4.898033900762668,4.0,0.8980339007626679,1,139.41683117672648,1260.5637157566316,16.41201230972561
2025-03-23,South,Sea,70.97419414777424,615.6846910611913,2.288729920358242,10.004888617058882,11.0,0.0,0,196.51963379060714,1449.1192212834674,15.86362568215013
2025-03-23,Central,Road,115.71663364841746,377.526215724141,1.9451966140005557,5.993130416938369,7.0,0.0,0,164.92048656579254,2161.2712717401123,14.817967552394395
2025-03-24,Central,Rail,100.19822738574386,634.3737363444538,2.0931709964499814,6.85619234839533,7.0,0.0,0,225.7446266492154,1808.7546568073917,17.172859011806043
2025-03-24,East,Road,74.54146652414772,2500.0,2.809769578314326,10.321116373540239,12.0,0.0,0,514.6849559160374,1034.1921925848967,99.36868167697929
2025-03-25,Central,Road,109.9057633659657,731.897276835243,2.023128574407104,5.565807049851691,8.0,0.0,0,252.99373194935197,1725.7850427124813,18.367198279290637
2025-03-25,North,Rail,150.79055194921577,393.2226657728189,2.024371589551336,8.129668252385244,11.0,0.0,0,253.22262147077214,2260.9357670346917,12.666969218159155
2025-03-25,East,Rail,93.0444886892614,2016.0219731174893,1.8894856410757455,11.337751671357918,12.0,0.0,0,477.9446070182117,1588.2723411540817,55.665323407317324
2025-03-26,Central,Road,40.191465264928226,278.74771922773033,1.8485319983173856,5.301818846828118,6.0,0.0,0,115.7482191617538,669.6550574488876,10.0
2025-03-26,South,Air,187.4648559022059,1307.6942444196252,3.4272552151654665,10.553052689273702,11.0,0.0,0,617.4570584269959,3539.7606526277978,33.93058209408833
2025-03-27,South,Sea,101.29471748299858,280.0262765333997,1.7081466200816504,8.265800578182148,8.0,0.265800578182148,1,168.46231902744358,2122.803980901017,10.0
2025-03-27,South,Road,96.16695341931926,1267.0300653915847,1.6536661008509665,5.168568355677818,7.0,0.0,0,332.6362093001803,1595.4888173894483,56.73984491330833
2025-03-27,North,Sea,41.64817883172563,223.59041491347452,1.4126692667378054,7.777285015478848,12.0,0.0,0,118.85129468317942,1204.8224991457305,10.0
2025-03-27,West,Air,88.93821803501751,429.3974798102097,1.4281894095077303,3.530993370161025,5.0,0.0,0,365.46214175334035,2094.2502049000855,16.179167679711313
2025-03-27,North,Road,98.13842824612509,595.2612035368295,1.9687730300692967,5.643257041090122,8.0,0.0,0,205.18539505580517,2076.8598563688793,19.39048069046782
2025-03-28,Central,Road,40.24231002958543,581.7819888834981,2.9247260413122205,5.200520034505012,7.0,0.0,0,141.58954516344068,729.3757283030427,18.553524080993643
2025-03-28,North,Road,187.65364074299623,414.15538967618346,2.19292225671824,3.2636295596141185,5.0,0.0,0,205.96953753264557,2821.504010771014,16.512374262239977
2025-03-29,North,Road,152.90061994215364,585.8085719778994,1.766058635505685,5.149608834080792,7.0,0.0,0,301.16415166452356,2836.2244297183747,16.625872098116954
2025-03-29,Central,Sea,36.31805643827342,634.6889226870713,2.2800138085146826,8.163933283144543,10.0,0.0,0,107.04582377589685,971.851831076601,21.955504956794826
2025-03-30,East,Sea,93.15412569866817,862.8083272405662,0.9143487883278845,9.467094240674612,11.0,0.0,0,244.68996247091957,1673.8122144619174,31.67016722940243
2025-03-30,North,Sea,11.168646590291385,1029.4738174305735,1.0092611337954422,11.24586563498018,12.0,0.0,0,176.55095630266933,669.7466464731853,30.560959007629158
2025-03-30,Central,Road,150.70631313792282,1603.312482105413,1.7301815384857373,7.5535414210010385,8.0,0.0,0,455.26363631459935,2888.8452345332153,47.391757544397635
2025-03-30,West,Air,170.10669562988576,338.6456915523954,2.591957369742904,3.1447347007711506,6.0,0.0,0,387.84919989242405,3207.9587242439375,12.726510520167398
2025-03-30,West,Road,59.11245320863417,1488.2814011189369,1.8152067764458812,5.008202607014366,5.0,0.008202607014365704,0,345.12973158816783,1329.2169735221796,54.408924020366825
2025-03-31,Central,Rail,230.7057041470303,1447.4267638138397,1.5284834556551103,8.629251773854017,10.0,0.0,0,429.54799547251565,4093.1427719516823,52.22321790015225
2025-03-31,West,Road,121.76200152500112,189.5343585143976,2.717764550061048,5.782562386269175,5.0,0.7825623862691753,1,155.6437989921836,1108.472262339778,10.0
2025-03-31,South,Road,102.63237297647427,893.51189346034,2.268690022893769,6.741712671514655,9.0,0.0,0,258.98396275536555,2492.2263767813106,32.50588824925099
2025-03-31,South,Road,36.37219313995343,561.9600148888364,1.0240153940515155,2.152974586277056,4.0,0.0,0,173.69243405745542,730.5209962602237,16.531939406848352
2025-03-31,South,Sea,103.14869954654726,427.2705215052541,1.4282241065656698,9.397876204981424,11.0,0.0,0,115.87656666456954,1588.67863871859,12.544606804584642
2025-04-01,East,Road,248.31693202655808,655.3461948060901,1.4579108819232054,5.050946228928933,6.0,0.0,0,420.82905791984814,4713.344094517235,23.481742894362498
2025-04-02,Central,Rail,152.01800887359056,226.1919144061836,2.322770807108025,6.492857565563034,8.0,0.0,0,203.83478280503476,2499.1168037940192,10.090605189717934
2025-04-02,West,Rail,50.53014703372499,508.1798348391844,1.2539696030873415,6.40693687961672,10.0,0.0,0,164.2226995495914,1255.3671451960286,12.830437713366937
2025-04-02,East,Rail,90.51788550397643,766.4054815697882,1.642064657985887,7.135891401916706,7.0,0.13589140191670612,0,232.87933860461618,1571.9402056280885,28.746222155055364
2025-04-02,East,Road,51.65388862263964,1161.936376525842,2.9295219469678884,6.296586592675756,6.0,0.29658659267575604,1,229.35996855731494,1377.6619388092429,43.42439020481296
2025-04-02,West,Road,101.4327969996439,1506.1671639950969,2.271881311459714,8.450959425716752,11.0,0.0,0,311.9552700255493,2294.5926197446515,50.10606657524289
2025-04-02,North,Road,30.508659225406728,192.98937574659018,0.9765603987084912,2.7846554044100698,4.0,0.0,0,149.4482006425714,1041.322908448329,10.0
2025-04-03,West,Road,185.8993963880526,710.5510542613523,1.2461331454773867,3.1676913390929142,4.0,0.0,0,216.12501224760996,3576.7738304670056,26.5143883470244
2025-04-03,West,Rail,71.14484056870235,412.7862073088736,2.730660320006826,6.6551445032058165,10.0,0.0,0,205.18432000971157,1193.5153804867577,15.633562385856225
2025-04-04,North,Rail,103.88824607596241,345.33776812164126,2.9305712663354444,3.72927787145521,4.0,0.0,0,189.3772863586013,1903.552265505281,14.14242087678023
2025-04-04,Central,Road,51.73969777073449,432.64796726889006,2.815823152347919,3.8868476515514403,4.0,0.0,0,121.83188287817177,793.6995396206646,12.902747992632563
2025-04-04,West,Road,54.77544975771057,1360.349834648266,2.387187989253018,7.296011995950877,7.0,0.29601199595087735,1,328.16137930953306,689.6475768530374,40.77501550148775
2025-04-05,North,Air,55.15730681466128,617.7040848397008,1.7567947178019758,2.643886995795243,4.0,0.0,0,354.07412987254094,742.3292159254067,17.370439246041315
2025-04-05,Central,Sea,11.82425757612313,409.06668014582186,1.3522700406525985,7.046205405773442,8.0,0.0,0,117.69715598714797,487.67684577597095,16.272776795921537
2025-04-05,North,Rail,53.11946287477937,460.5294527544851,0.8523931758564091,4.484663725656764,5.0,0.0,0,173.11660095645667,1201.1306742821848,15.452840269167222
2025-04-05,East,Air,73.18089111557282,811.9742855104153,2.0415755916113008,2.934078582813444,4.0,0.0,0,410.5873521091368,1313.2991544810334,34.1989680306995
2025-04-05,East,Air,198.1177570594155,501.6762051726443,1.7142962921272547,4.417967308139691,6.0,0.0,0,455.1161470287182,1802.9849792507184,22.397050470040114
2025-04-05,South,Rail,144.06085429384484,409.14762854291575,2.163299716936204,4.872770198489648,5.0,0.0,0,227.28865981224337,2891.687926717958,15.41730744974131
2025-04-05,West,Road,90.2265749115252,699.1085566731164,0.3454851587766312,2.210050490710955,2.0,0.21005049071095483,1,229.20959838227603,2142.401795095596,28.98778122242709
2025-04-06,West,Road,56.706254746926376,1418.8956853145303,2.2381715521545256,8.124474672506073,9.0,0.0,0,288.9928164433419,983.488742392783,54.39533746183743
2025-04-06,East,Sea,89.03971945342377,838.8340290950223,1.9708475555041867,8.33360251251878,8.0,0.33360251251878026,1,268.56678062471974,2012.8222235053956,37.47365210527172
2025-04-06,Central,Road,73.32151512969098,142.15050635347495,1.0798710131921583,4.4699031111425676,4.0,0.46990311114256755,1,111.98242455341196,1491.4856792209061,10.0
2025-04-06,South,Road,91.83154547704696,343.2585790453858,3.0779386902609938,6.64855012200735,9.0,0.0,0,189.2667297195099,1272.1258038260503,14.965598035123598
2025-04-06,East,Road,108.77569952544542,119.09146754233394,2.7734754853920176,4.589583260116345,8.0,0.0,0,99.77981870415158,1661.5697855965159,10.0
2025-04-06,Central,Road,143.62739210289607,229.18842522420113,2.5460340442558866,4.556231791106589,5.0,0.0,0,205.81307360297555,1685.7440266813953,10.0
2025-04-07,East,Road,65.74752026520189,112.04372260198774,1.088324081169827,4.428138202081983,5.0,0.0,0,152.74393418018516,1619.9806585479787,10.0
2025-04-07,North,Road,79.72128369571672,255.46454412541328,2.2052209746717244,4.622564224137445,4.0,0.6225642241374452,1,170.80177207146517,1432.99605902632,10.0
2025-04-07,North,Road,181.30909586025837,130.9062572742006,1.7964448843597045,4.009232010877817,4.0,0.009232010877816776,0,246.73438280197877,2201.908274425545,10.0
2025-04-07,South,Air,130.0928507638226,357.49533496913364,3.251237063247132,4.81284402936779,6.0,0.0,0,418.10636798353414,1582.68417545867,14.628250355011932
2025-04-08,North,Road,139.84877725823313,906.9696207484889,1.1277983433637768,2.864922201030521,3.0,0.0,0,296.83733874414406,2915.82800393748,35.48203588658328
2025-04-08,East,Road,63.575201173751026,140.79633441306814,1.6358858619457664,1.0,2.0,0.0,0,74.99084726018091,1403.005609143262,10.0
2025-04-08,North,Air,52.91870036045853,488.1838469906868,1.3444032159564459,2.94395288272089,3.0,0.0,0,386.18525119830434,1563.8100936310343,14.26781693034638
2025-04-08,North,Road,124.6501951347523,725.4929814678658,2.1587056811690077,5.670907009611125,8.0,0.0,0,209.46272923312736,1862.2554328775727,28.986216125285683
2025-04-08,North,Rail,78.36644360402614,854.8030909202132,1.8470025415015257,6.7807881184423495,9.0,0.0,0,283.7000806410433,1838.0432254789007,26.0907115877046
2025-04-08,Central,Road,61.648993753441765,408.31914868728404,3.3822989763203033,8.426225994996802,11.0,0.0,0,209.40013967854983,1437.936722347254,17.18873815575512
2025-04-08,North,Sea,108.27790634988845,653.1686035642211,2.5790032993516547,9.193926273766975,10.0,0.0,0,227.90141908891258,1932.5597557785702,18.171064311555117
2025-04-09,Central,Road,76.34619504055532,371.14554631161957,1.6373133891984035,2.4107406475797566,4.0,0.0,0,97.57702230182765,1573.918206367092,10.0
2025-04-09,West,Road,101.19446446216216,1439.7064036898105,1.233432801957185,6.990341880370473,9.0,0.0,0,379.09184108824564,1864.1055217013152,38.81648208944533
2025-04-09,South,Road,85.45368180233075,326.2283029063782,1.517363891935821,4.751722772306887,6.0,0.0,0,165.46264336101012,1792.8063200487754,10.70292089136492
2025-04-09,North,Rail,147.45095682364231,480.2974243410865,1.1487703015860737,5.928146456001564,8.0,0.0,0,223.6361334831048,1483.093467311748,21.171706929038987
2025-04-09,East,Road,53.91136839654544,1259.6310289121323,1.5174177386129564,5.778558576028036,5.0,0.7785585760280362,1,258.1635538857961,622.2308748738966,33.80989049941997
2025-04-09,West,Road,108.29159527082247,375.7719124967107,2.0581058546482445,4.656746796428972,5.0,0.0,0,205.065894929676,1632.0257366885755,10.731218873584037
2025-04-09,West,Sea,215.4859806280965,745.3761322685893,1.288595105918291,7.564509075308356,7.0,0.5645090753083561,1,321.7057802472455,2966.817013880326,25.86497210642119
2025-04-09,North,Road,58.218350811985495,570.7649537014312,0.3,3.115568913218614,7.0,0.0,0,230.50984745351147,962.056271199726,15.624889381501614
2025-04-09,North,Road,127.5370524097529,530.1457388623146,1.1560194725999131,3.805772229960658,5.0,0.0,0,227.24072489062613,1656.278334753707,15.364094543743217
2025-04-10,East,Road,86.88548418036906,1399.321326783768,0.859944735312736,7.452664066216961,8.0,0.0,0,379.50828167026776,2226.8221526534935,42.49145139890874
2025-04-10,South,Rail,123.8954226350399,1001.0176710648133,1.416637300643027,6.880836117293215,7.0,0.0,0,346.16313194240064,2286.151716160495,32.279849245962666
2025-04-10,West,Road,166.6519691682271,1916.196882396393,1.5152928801120795,9.944626889623134,11.0,0.0,0,498.2402988872464,2147.4982319089986,76.1192340129413
2025-04-10,East,Air,64.54921252346814,176.90898704818406,1.5053453414750075,1.0839906696756842,3.0,0.0,0,249.16064162660433,750.187015651444,10.0
2025-04-11,West,Rail,36.6031272050419,158.25925140139148,2.03149945295686,8.704144919635084,10.0,0.0,0,79.00432865061944,791.8945720970406,10.0
2025-04-11,East,Air,34.10546209543128,380.2066882094036,2.1714709237101006,3.489999056628189,5.0,0.0,0,354.8298857058215,972.8514897716874,15.384425011738026
2025-04-11,North,Rail,93.8971769560028,1130.7483972963878,0.6318999398889427,7.258959819234811,10.0,0.0,0,297.39053140162406,1490.333898743518,45.71020242669653
2025-04-11,West,Air,79.72893060429666,416.5002819095018,2.7640395654711254,3.750170254258784,5.0,0.0,0,342.61582779374606,1654.2300600264284,13.292212528281643
2025-04-11,West,Road,161.0028530950762,321.0399762288644,1.4004045357313912,2.6280709860803286,3.0,0.0,0,203.1906955835668,2759.6065692744864,12.192983995626282
2025-04-11,East,Road,49.52999354982208,534.2234177156748,2.9079587896786805,6.14606435764014,7.0,0.0,0,159.28153442594933,970.0065395557654,20.39470656444482
2025-04-11,West,Road,175.7063546459996,494.0287739141046,1.8173804654033638,5.636855017839553,6.0,0.0,0,194.15408834644617,2949.368482445385,16.486243849496525
2025-04-11,East,Road,126.1039919259656,310.5642936278046,3.332441897988521,7.117215242811797,7.0,0.11721524281179718,0,146.52076791874399,2118.9890701121453,10.0
2025-04-12,East,Road,113.40621142543002,546.8703469118011,1.1544392764275713,3.7252483192192365,5.0,0.0,0,247.35984649192727,2368.462491657907,18.483071507526372
2025-04-13,Central,Road,87.09373426341476,804.3829306561513,1.942594814146902,4.877160502383815,8.0,0.0,0,204.12993829326575,1707.896738944034,26.38451729381027
2025-04-13,North,Rail,57.13687116114131,178.28126733673784,1.61751036916408,7.94722136122615,9.0,0.0,0,138.56100069492925,1216.4318809957938,10.0
2025-04-13,South,Rail,66.16079928978913,386.4150024700503,1.3198194159115433,3.1228131916994806,4.0,0.0,0,175.3536988313333,1655.9933818325726,16.187747383087533
2025-04-13,West,Sea,77.6792207771249,761.9227802816926,0.8269180939407675,6.925921025837833,10.0,0.0,0,197.53512857461533,1731.3686018655808,33.50022347541892
2025-04-13,East,Road,332.94146809089216,591.0438447374374,1.3089383850450158,4.581074291271814,6.0,0.0,0,369.8080642795811,5878.356115944536,15.841494497649444
2025-04-14,East,Sea,136.00755955644894,63.633994057593654,2.308469083439036,7.956491100958497,8.0,0.0,0,140.80163004266848,1211.268061435506,10.0
2025-04-14,West,Sea,104.89811267966793,530.2403045179149,2.1623962216725623,7.34018897565375,6.0,1.3401889756537502,1,158.3641517035648,1857.0121847292953,14.615718608026961
2025-04-14,Central,Rail,143.56134593983603,1594.375561621501,1.5392681901676328,9.748649345175709,9.0,0.7486493451757088,1,449.3804280947608,2942.2075866878067,52.56467117341655
2025-04-14,West,Road,105.78116907320828,1256.3684537066229,0.5058167527001316,4.805952935923917,7.0,0.0,0,315.26771979503843,1491.892996302249,33.38215522805173
2025-04-14,South,Road,85.45679345736976,778.5099234555182,2.605512792585638,8.585295167985903,10.0,0.0,0,244.95764603391947,1819.3443303428833,24.833727705650848
2025-04-14,West,Road,33.18085214121328,842.7415496539237,3.2667493563040497,9.583005157548902,10.0,0.0,0,262.16729232215573,1075.7591933927679,34.53515919033187
2025-04-14,North,Sea,82.61136436519487,1018.655327456684,2.75750941113325,9.868686977076157,11.0,0.0,0,277.937535831785,1659.5286058190125,40.826839545443434
2025-04-14,West,Road,76.30182893754218,1064.6329876198713,2.196117072797311,8.47843693725045,10.0,0.0,0,249.18627070619684,1978.108673151286,36.35373901036444
2025-04-15,Central,Road,64.8166508153422,487.5548040698045,3.4035720511517944,6.878004190770844,10.0,0.0,0,141.45946049616725,1040.5005104755182,15.762761445161159
2025-04-15,North,Air,118.98621621582801,970.5295563916509,2.494498778231439,4.999946564554683,7.0,0.0,0,468.66907065243834,1967.2734343249203,28.67985360271952
2025-04-16,Central,Air,138.78505785765373,240.02870624322227,2.0578997572675806,4.961848349372998,4.0,0.9618483493729979,1,403.11675481553635,1850.3816997530262,10.0
2025-04-16,East,Road,102.75845196238501,242.50862135243432,1.9683237711770556,4.528307467634,4.0,0.5283074676339998,1,145.32617154439788,2104.550916018192,10.0
2025-04-16,East,Road,155.14390194143596,494.8916265553904,0.9610855369555219,4.083301964578136,5.0,0.0,0,239.733015238576,2957.1892572978786,13.82026935637573
2025-04-16,South,Rail,231.62179045277466,416.7187576720675,1.7054891160786354,7.920121607568125,10.0,0.0,0,370.3899821456545,3243.0332523515503,18.606877594451284
2025-04-17,West,Road,74.06744248321203,264.47197213793623,1.1559321244433525,4.1820221520940155,5.0,0.0,0,117.320631072136,1357.8938065221623,10.0
2025-04-17,North,Road,110.10884851648545,607.8771808273207,0.4623177832576959,2.554457159295465,6.0,0.0,0,279.508494131223,1899.3663308507032,16.417903532907822
2025-04-18,East,Road,46.326987462756215,444.61991585630335,1.0410293003809898,5.922251923268074,6.0,0.0,0,132.29064619718892,1001.5748117324858,16.93272132778067
2025-04-18,West,Air,107.01714673686196,503.7159538344041,2.969870145730688,6.195966047708185,7.0,0.0,0,396.1918846986579,1986.125814345341,22.392662811227527
2025-04-18,West,Road,90.57599443863847,732.1339226179708,0.7205519562068772,2.1685168914884665,3.0,0.0,0,232.1901767715752,2017.2868499095964,20.673804765533685
2025-04-18,North,Road,188.60306161854018,615.0708097891077,3.465319030851445,7.487030291834215,9.0,0.0,0,265.02597190212293,1788.9292699000382,20.233408723411713
2025-04-18,South,Air,284.78247190041475,894.1383842402448,3.824997786610494,6.085672779572416,8.0,0.0,0,559.0741797025057,2772.773583186962,31.31999659316181
2025-04-19,North,Sea,77.85000924753629,542.785344202629,2.304915767427884,9.83785249220696,11.0,0.0,0,86.0351286531959,1152.7761416660178,23.784469646675458
2025-04-19,West,Road,69.20266079718972,210.19751087986663,1.4059660561627962,1.197871529689933,2.0,0.0,0,110.41871626841699,1172.3022011496214,10.0
2025-04-19,Central,Road,156.91284951692032,112.14308814393709,1.5032061595163007,1.781841194061286,3.0,0.0,0,108.68659898140126,2093.0549012737597,10.0
2025-04-20,Central,Road,131.24518166083124,451.7876445766073,1.372082369743124,3.123037544243925,4.0,0.0,0,234.2966484514906,2110.5438335310455,14.047294883826348
2025-04-21,East,Air,84.19696037203073,1525.0961609915869,1.8408343426705969,5.909170447658992,7.0,0.0,0,521.8940854083688,1899.9813766272077,58.29030484035386
2025-04-21,North,Rail,37.7687456605677,1084.2758184139968,1.5270726535134171,5.930642162897327,7.0,0.0,0,341.7508555309662,800.8248922851312,44.48568712796316
2025-04-21,Central,Air,87.06200230332027,136.79889918615302,1.9506264541733545,2.534284279161827,5.0,0.0,0,289.1363510801288,1403.2247607685504,10.0
2025-04-21,South,Air,34.92702885570629,573.0705379558889,1.933958488531447,2.430014141812717,4.0,0.0,0,309.4356115284698,1109.004246734312,23.238349170459422
2025-04-21,East,Sea,25.90487929546922,1171.0905700160433,2.1340680656827455,10.074644066069157,11.0,0.0,0,249.11821736027008,815.375574671758,30.878437829278838
2025-04-21,West,Road,117.3906899823461,727.1750971454098,1.7593823925814729,5.099756777212367,6.0,0.0,0,215.32456586312995,2720.820532974033,29.290637571244318
2025-04-21,North,Sea,317.65012927262256,159.19280732344106,0.5215556064568838,7.273097233363861,7.0,0.2730972333638606,1,249.40665493210616,3863.415692854728,10.0
2025-04-21,South,Rail,79.50944842799805,199.23373175892442,1.9805983260890598,5.375493979575749,5.0,0.37549397957574904,1,201.94375384106445,1144.1470277389858,10.0
2025-04-22,South,Road,353.2930449693161,507.8418416336491,0.4558767617928312,3.7322333168675685,4.0,0.0,0,412.09619460943327,5351.454154363075,17.278913843155337
2025-04-22,East,Air,148.1477626036535,350.30550491714496,1.9623631474255725,3.622446915803157,5.0,0.0,0,427.2119070784085,1572.8925925467165,15.002977588250474
2025-04-22,North,Road,69.15850613493689,194.99368425481347,3.200965647244532,6.529937745016427,8.0,0.0,0,127.44463703566157,1334.7686039892415,10.0
2025-04-22,East,Road,123.38727466223237,993.348023534617,2.253195589118233,9.052056959681527,12.0,0.0,0,286.70431430089764,1843.215256885691,32.99352951719062
2025-04-22,West,Road,50.598516308535565,1122.1434092277411,1.7506847666949772,8.4678261786312,9.0,0.0,0,254.78786962231138,1250.2333631043718,31.24715103463799
2025-04-23,South,Road,56.320092889097715,220.7460036248214,2.2320822297037832,2.0515179380808575,3.0,0.0,0,117.00141989429443,993.0763497939333,10.0
2025-04-23,South,Road,273.007235174617,621.7463258424588,2.5958334821593807,6.163254588212742,6.0,0.16325458821274186,0,307.51431497887006,3388.6459354806334,22.49650143184205
2025-04-23,Central,Road,192.12728134527896,1219.7881362776372,0.90173619664385,4.021584894532916,8.0,0.0,0,330.44655857324824,2203.8545103241427,38.272606736055174
2025-04-23,East,Road,112.80701178727882,679.8075738672197,1.445852883655352,2.7051823046736776,4.0,0.0,0,223.66609298841,1342.2900872981086,17.27300176775068
2025-04-23,North,Rail,157.04676501251672,1878.4162429160356,0.8563779310853636,7.365336681696842,9.0,0.0,0,521.6134512175311,3384.8355719265624,68.94408189523848
2025-04-23,West,Sea,158.69734646415458,195.76796223987873,3.0826882137080975,11.301773755239967,12.0,0.0,0,139.3142651162387,1786.247778769502,10.0
2025-04-23,North,Sea,32.377593310577716,946.8388818710762,1.7791891900764927,8.512938275266231,11.0,0.0,0,162.02751764144404,1062.3304417216048,32.49105883062948
2025-04-23,East,Road,202.17837757469147,354.2189984381596,1.5127651335997778,3.832538008632408,4.0,0.0,0,235.9677783699234,3734.904894722463,13.604176519314352
2025-04-23,North,Sea,125.46604540324616,750.0440674797219,3.1491082115688807,9.275517839115548,12.0,0.0,0,213.81296641329425,3056.5587133503013,27.873666160581084
2025-04-24,South,Air,40.272227782797465,401.8352219985481,1.202592438764158,3.4817596102457906,5.0,0.0,0,378.0047293982823,747.1189338685442,16.41597261468512
2025-04-24,Central,Road,15.653146664030427,974.5349157181163,0.5440928579650943,3.381869448158017,4.0,0.0,0,186.7033967267379,711.6741310434472,38.587542866685396
2025-04-24,East,Road,53.87595677641363,195.95622068672466,2.3034112930751434,4.596024324879582,8.0,0.0,0,100.46233733947503,1470.8740540092924,10.0
2025-04-25,West,Road,247.73255140197512,1042.281031547627,0.9614167832316131,5.6088325723619885,7.0,0.0,0,419.56453704271604,4714.581235578951,42.15400685253689
2025-04-25,South,Sea,278.8682467191141,1617.5239769170398,1.5583210794084053,10.413489731849843,10.0,0.41348973184984317,1,571.477586735973,5058.097587999524,43.08736198080325
2025-04-25,North,Road,101.19194623515044,1073.6580375858275,1.779089704577632,7.500040433504459,6.0,1.5000404335044593,1,299.7875980494462,1406.8281111187616,47.48362333357726
2025-04-26,South,Rail,150.53627138398443,1242.403845045168,0.8085700261564958,6.117627898609155,6.0,0.11762789860915479,0,376.289723685546,1546.8600414006082,50.59506043893958
2025-04-26,East,Road,15.094820305018706,201.5062452359946,1.2718646419879225,4.0590638798572325,6.0,0.0,0,65.101571587343,833.06746596166,10.0
2025-04-26,West,Road,58.23068269169501,742.6350077449158,0.576060614392307,3.6392805163200377,5.0,0.0,0,154.8376655826502,1199.2167791132738,31.46929787144378
2025-04-27,North,Sea,137.25789573299178,410.8325499228187,2.247759251376781,6.816842593733189,8.0,0.0,0,199.11065030289086,1247.7962269474199,10.653978884547861
2025-04-27,South,Sea,278.9894490570556,621.3070722476292,2.0211805009065427,8.878171898867114,10.0,0.0,0,363.7769583934484,4870.849631996873,20.1913594823948
2025-04-27,South,Road,108.2750053232851,1506.0090671013677,0.725299990070877,5.426673069669757,6.0,0.0,0,420.9392571875768,2309.7061188976472,55.599288368834436
2025-04-27,East,Sea,139.86680832137844,1087.7272932021044,1.690527973309758,10.811394929989481,10.0,0.8113949299894809,1,357.23041799373567,2271.9847979478677,40.24213694358549
2025-04-27,North,Air,114.01907408897709,565.1593631656332,1.9655671208674288,2.9827083432251884,4.0,0.0,0,392.5711523791058,1848.6991812550705,17.82063759547924
2025-04-28,Central,Sea,135.58437337926117,328.01368566075195,0.6320121614566439,7.079126460181988,10.0,0.0,0,160.7650607474661,2567.9569113455873,10.0
2025-04-28,South,Air,114.87090220185877,558.8189038542414,1.1419373058116782,3.8831544480181384,6.0,0.0,0,392.17097714093495,1540.7292332746508,24.79117813310194
2025-04-28,West,Road,194.74784975675573,337.316974846783,2.229289380348664,7.08941952878269,8.0,0.0,0,232.7103842071342,2461.3708312058443,10.339058306957675
2025-04-28,North,Road,135.50578596226683,759.3894643742259,1.3710767428825152,8.094757938793293,9.0,0.0,0,285.66668046405357,1562.6469329198667,29.378367509868443
2025-04-28,South,Sea,111.88608381650312,411.9960159610943,2.1509858265562753,8.683348283375242,10.0,0.0,0,119.62046857597494,1708.3531372645384,16.1350008351139
2025-04-28,Central,Road,245.26383237049708,538.5615576216157,1.9799689213461895,3.7034755238618433,5.0,0.0,0,363.7386027118187,2945.6075596575192,19.57572096941897
2025-04-29,North,Rail,25.094417147857495,150.80990229119266,3.289247766138237,5.477374517764396,9.0,0.0,0,79.831189439627,1042.1407576360755,10.0
2025-04-29,West,Road,151.68294544570566,1729.8799411878872,3.5021363662020946,10.702095934887927,13.0,0.0,0,452.48147980596275,1682.5313929193746,51.14511352636092
2025-04-29,North,Road,37.31260814280748,1229.1312171016793,0.7999236187414349,4.291660109092044,3.0,1.291660109092044,1,218.8898870087919,1187.7418152721107,43.89547851740676
2025-04-30,East,Road,192.68260582395115,812.8107391835928,2.4958679993394712,6.158729577075719,8.0,0.0,0,324.3300727985483,3201.0287413796786,23.159127087767004
2025-04-30,North,Road,193.3410496011232,323.07729978526805,1.9981376517518217,5.869915391005057,8.0,0.0,0,235.95380950828343,1900.5726450646384,10.726902214439162
2025-04-30,West,Road,85.0961339085578,1054.0675969882948,1.7552691983561117,4.444343473457898,5.0,0.0,0,304.0844277880086,1209.5990294957855,28.60701106255108
2025-04-30,South,Rail,52.0056541613892,839.1542529027108,1.9269423250995668,8.966163337032823,11.0,0.0,0,238.17120540596952,859.9337087497012,22.539235350257773
2025-05-01,South,Air,107.27533349714149,303.04337897967724,1.8551429336314875,5.370686959381796,5.0,0.3706869593817963,1,355.9307668618788,1711.9201100598734,10.43841382293238
2025-05-01,East,Sea,48.42392630519698,169.40384703631182,3.2604296304191904,8.764564597881973,9.0,0.0,0,144.38605962852756,1127.5307074025852,10.0
2025-05-02,North,Road,71.3039436833415,411.47280124090094,1.1734972879599836,4.9246051134215,6.0,0.0,0,223.7670814316121,1547.0811628303845,12.18867220953274
2025-05-02,West,Rail,59.95567742569623,510.8379337040875,1.8856819614116918,7.229583238804539,8.0,0.0,0,172.54522240452286,1513.969039739125,20.05977872131438
2025-05-02,North,Road,41.73789969791249,1271.3538423548357,1.9033859456216613,7.557561043896985,8.0,0.0,0,306.3137408235279,1044.8516659481147,40.2564715753515
2025-05-02,North,Air,113.70447647290898,893.2541199963088,1.414152778481686,2.7972676696879386,5.0,0.0,0,455.46731003441647,1733.3913749900237,24.660052317698
2025-05-02,East,Air,146.54504551505812,27.184268684413006,1.7505360617858554,1.731666727836532,2.0,0.0,0,331.51301811393733,2182.9825922121236,10.0
2025-05-02,West,Rail,168.57902381578631,363.2930617812751,1.2175582563605802,5.624650717055872,6.0,0.0,0,233.05168460621965,3009.7003902693987,15.211006062349625
2025-05-02,East,Road,68.57108953911913,1560.7520487631332,1.5041190308501873,8.265192112350388,10.0,0.0,0,344.80756917928954,1046.94478325473,39.53092856404776
2025-05-03,Central,Air,91.7686881490763,459.983352278396,1.1501139549511714,2.8679534389698618,4.0,0.0,0,370.3358569085965,1869.9345305586626,14.163341172586618
2025-05-03,North,Road,69.81884599093098,1011.3490089007543,0.5447645749538927,3.821681212163238,7.0,0.0,0,232.4152855328571,1287.1055645771544,32.800754982907996
2025-05-04,Central,Road,157.3090722344881,314.4745768737234,1.4824350527933905,2.560380298300452,3.0,0.0,0,189.51950295193652,2614.640812402692,10.0
2025-05-04,South,Rail,56.05117186668746,452.091750079537,1.5207917872282368,7.499168146350548,10.0,0.0,0,138.0604566068249,912.8090015591952,19.602354519223514
2025-05-05,South,Road,53.23362485507126,653.7578124322406,1.56834970284231,7.35943631495471,7.0,0.35943631495470996,1,116.21558905102293,1350.3272112564746,20.33369553510779
2025-05-05,North,Air,28.780519213113028,475.23077059532733,1.260571165425131,1.0,4.0,0.0,0,374.47233525314596,1020.0057731027841,17.084967455957024
2025-05-06,Central,Air,89.36826755264651,580.295795716204,1.15997120851814,3.6526070388863863,5.0,0.0,0,343.90324940688697,1522.1864120972805,20.840697660319076
2025-05-06,East,Road,50.84935685655607,353.17355024135384,2.4678933191167585,4.844840854237791,7.0,0.0,0,180.70896548123167,1102.5665796713088,10.0
2025-05-06,North,Road,140.60161164372903,346.1965637489911,3.4476841759749473,5.167254423370742,7.0,0.0,0,239.72114724458928,2590.913921458641,10.0
2025-05-06,North,Road,99.14242191101911,253.71786933449042,2.5601200241686684,4.613653366516339,5.0,0.0,0,118.1760805304715,1960.2729778002285,10.0
2025-05-06,West,Road,115.8479106604679,859.3490531266672,2.1781658502954766,3.113841938401299,2.0,1.1138419384012992,1,289.6799196748205,2269.7813377746065,26.413888051203326
2025-05-06,Central,Road,45.26231642669794,104.82963189368536,1.7904988642390005,3.9363087677890487,3.0,0.9363087677890487,1,82.59150907494195,833.4087458938172,10.0
2025-05-07,North,Rail,380.3937831797794,154.53847316436756,2.225099544057527,7.306360361793653,7.0,0.30636036179365256,1,356.31210151236127,4824.180075928569,10.0
2025-05-07,East,Road,80.90545015001473,25.99006061981557,0.8814485135846075,4.092922777452495,4.0,0.092922777452495,0,62.368926416943836,1034.3221689978654,10.0
2025-05-07,West,Road,203.9015848439736,765.9425097878611,1.3149144184754649,4.779318775176401,6.0,0.0,0,319.35317894040145,3308.922783734674,27.845576152446554
2025-05-07,East,Rail,142.85611362458488,106.99186956764893,0.5941714617244571,4.039855867934121,7.0,0.0,0,180.18208904137376,1693.5915523928675,10.0
2025-05-08,Central,Air,59.92885663988322,289.8651066270542,0.3,2.900216285371866,4.0,0.0,0,320.75158550565396,693.3048251203707,12.538833142304782
2025-05-08,South,Road,129.78205679229112,1121.8124360077306,2.2015537503657536,6.825588195747242,9.0,0.0,0,328.72224344281295,2384.5786048675755,33.52481122859165
2025-05-08,North,Rail,280.6837828481284,537.2685049823967,0.3,4.469099333773066,5.0,0.0,0,355.04348349432837,5568.371586709156,23.334464477633734
2025-05-08,South,Road,48.38968094118608,870.1243763558084,2.1927573500962168,3.283073090044797,5.0,0.0,0,183.39298571756595,1249.9051624286244,34.90349492012221
2025-05-08,East,Air,71.23140410115784,276.28277423195254,2.075258651622529,3.0745485790978595,4.0,0.0,0,294.65528320484265,1086.7422355691695,10.0
2025-05-08,West,Rail,146.42786793156165,835.978696291372,1.0320007541637368,5.412130165176411,6.0,0.0,0,302.3124258559583,2187.4346442716005,36.33384646381955
2025-05-08,East,Road,44.503541186748095,248.40436942550716,0.4785990659932362,3.217623363286919,4.0,0.0,0,88.17747418974577,772.2149598052948,10.0
2025-05-09,South,Road,78.82293196628136,634.9731443838787,0.3,6.01856869573924,6.0,0.018568695739239693,0,215.62917643010766,1033.5277236300306,15.925439015208978
2025-05-09,West,Road,109.18885425911981,834.4554232782832,1.8295422202047773,5.8353408492023,8.0,0.0,0,297.13927601244706,1641.5992335380956,22.641324351259133
2025-05-09,South,Rail,117.3643535984409,547.3376359148356,1.0246908097697056,7.974019900484777,9.0,0.0,0,313.34589394031116,1859.3515986967157,19.3839115981656
2025-05-09,North,Sea,118.87829602620613,507.3648102874374,2.4443662908567134,10.053169706756467,11.0,0.0,0,214.51676688958494,2303.2783109128277,14.561601180090921
2025-05-10,Central,Air,78.24128322385458,112.50453354734258,2.3994418426367883,3.9936050500038585,6.0,0.0,0,297.7352847616743,1487.5594526073396,10.0
2025-05-10,West,Road,112.98276659760077,827.4560328955877,1.9433571101504894,7.1462616011085975,6.0,1.1462616011085975,1,298.07957885821696,2226.570911330385,23.78186692250308
2025-05-10,West,Road,112.82953851114534,456.45789465138284,2.08028206440269,4.781963319081915,8.0,0.0,0,259.23660865532844,1917.1647133534516,18.455982142411006
2025-05-10,West,Road,55.55162693291873,728.2991099277723,2.3746954463152656,6.7123677665576,9.0,0.0,0,233.24592803698707,1237.58349954079,23.316824971235647
2025-05-10,West,Rail,79.016129670882,345.6067681837295,1.994519817290892,7.388165483548265,8.0,0.0,0,160.94973087966687,1731.7954465975104,10.0
2025-05-11,Central,Air,92.86757858372442,458.5261682549909,1.3595806310477654,1.0317047139120032,2.0,0.0,0,326.88086866080835,1061.502928833103,13.571983772139221
2025-05-11,West,Road,152.06650901810423,1384.5135530919192,2.7697868939411823,7.510800592289829,8.0,0.0,0,376.11243706507787,1507.2483918597582,37.6507708315443
2025-05-11,East,Air,108.69314960293273,733.3802327102563,0.6975175213287663,4.447896911276462,6.0,0.0,0,488.477598414125,1594.6296188409885,24.105779136140928
2025-05-11,Central,Road,107.80675384901676,1313.5081508635953,2.1639318008640176,7.112163719476876,8.0,0.0,0,385.961383052591,2366.020652428196,50.16126227198515
2025-05-11,North,Sea,43.51403428153745,789.5215638665854,1.1584243185736658,8.5632171926308,9.0,0.0,0,77.23015670512143,486.3845278424347,34.27445304797129
2025-05-11,Central,Road,122.72860092598728,486.3418851951513,2.8468500244969053,5.051137206586771,6.0,0.0,0,239.24437442397937,2379.1569982925807,20.872940435127727
2025-05-11,South,Air,107.69169946426261,1786.6305470350019,1.880014990010848,6.289817839486819,7.0,0.0,0,604.1267246362208,1906.1746388007366,73.35308449640553
2025-05-12,North,Road,99.10012156633722,1088.512534254265,2.259225500704908,7.758752779631236,9.0,0.0,0,327.52092224303175,2355.561212863896,45.02651258017568
2025-05-12,West,Road,96.72600676485013,186.57329744533544,0.3,1.0,2.0,0.0,0,112.70547335238858,1614.678207804739,10.0
2025-05-12,South,Air,48.48299288943084,1286.5092460607452,1.186836808430628,5.410997722633679,6.0,0.0,0,464.49695549668746,1022.8353708276654,53.232540714303966
2025-05-13,South,Road,138.46019169538877,257.64145403605886,1.7040294969061656,3.628088139907566,7.0,0.0,0,232.5967539811173,2989.7595074433593,10.0
2025-05-13,South,Road,81.9768112161776,1005.5137039781363,2.201010497720165,6.4097822908233315,7.0,0.0,0,218.94486494688357,1477.4661108559467,44.360305884728504
2025-05-13,Central,Road,72.63468066404914,627.8923374135474,0.3,6.11089346535437,7.0,0.0,0,188.37195366660833,1860.9588874006708,25.579900479643655
2025-05-13,South,Road,191.58773967478936,1246.1142146788452,2.7190099171028375,7.275996343470902,7.0,0.27599634347090163,1,426.02736410460045,3188.2378791845035,31.880524311408607
2025-05-13,East,Sea,74.63606774226996,633.8951525638655,2.2688247761275564,7.337938901025602,9.0,0.0,0,184.25849773845562,1466.634435071149,23.77226702541888
2025-05-13,West,Road,149.4649038068071,816.8130233642521,1.2830596398989016,4.669090356803827,5.0,0.0,0,206.6895661306777,1466.167387865274,29.77332272492623
2025-05-14,Central,Road,206.8966245581139,103.89740915586985,3.7647171495958767,5.595135718428528,8.0,0.0,0,217.69615477736195,2456.0136767630893,10.0
2025-05-14,Central,Road,22.145023212990804,761.24224313713,2.173091172940479,5.722647265986471,8.0,0.0,0,210.86851538082024,1044.7037291535964,27.30280452341419
2025-05-14,Central,Road,299.3813220765842,1196.445507960757,2.0882811806210753,6.786280364286997,8.0,0.0,0,475.227677769239,3456.4475872882467,40.743378978314055
2025-05-14,Central,Road,164.30126750145354,1154.077766098049,1.4424032543884149,4.701726318914062,7.0,0.0,0,347.16395936033575,1620.6555187327072,38.617458685757086
2025-05-14,North,Rail,203.32646617132315,690.9138636967759,1.0523559517744634,4.081917031022844,5.0,0.0,0,265.29990011879306,3544.135734841021,27.660624321861945
2025-05-14,Central,Road,119.11900592795041,1008.4391317182523,2.531219919369126,5.1277893994072405,6.0,0.0,0,366.8732626295623,2191.5252925980153,33.892388883855766
2025-05-15,South,Sea,119.9456297906296,324.1010222226099,2.4978539327094964,9.300720256881837,11.0,0.0,0,170.27193185417175,2188.8796899829354,10.0
2025-05-15,West,Rail,68.29431007228688,568.6233218695372,1.1439269747759488,5.1459948274217036,8.0,0.0,0,226.87387052551827,1409.7387860712286,23.759767974207282
2025-05-15,North,Sea,71.60277007702611,1993.441481372323,2.2293172627767426,13.2782653637913,16.0,0.0,0,463.7807265983282,1342.6129053319494,66.65791746555442
2025-05-16,South,Road,199.04473717709428,378.6150210333993,2.273939490376926,5.142179694130331,7.0,0.0,0,224.5829062825323,2112.485827792505,15.279172509787934
2025-05-16,Central,Rail,8.099295141774832,310.0374222235854,1.4805535206895328,6.091493835279104,7.0,0.0,0,135.75337929075363,345.5353181537732,10.0
2025-05-16,East,Rail,116.27001245746597,817.9011853384366,1.2685530365254851,4.708522943648414,8.0,0.0,0,270.8242048233048,2110.9137943592236,36.73877031600899
2025-05-16,South,Air,25.551569886814526,356.6092231333128,1.9124655337471632,5.3199330120761115,5.0,0.31993301207611147,1,336.2790892167811,910.0859454805234,15.774563968168854
2025-05-17,South,Sea,168.31153950649153,436.8305817977278,2.1665507438891556,8.55558153052198,10.0,0.0,0,220.57793704927292,3163.307802888743,13.929793904582569
2025-05-17,South,Sea,36.09985640817815,686.9970467179559,1.0132216602366952,8.321313088887788,9.0,0.0,0,114.45140414219966,1107.1426394156235,30.808509019274272
2025-05-17,Central,Road,76.74910376804303,503.92209365379796,3.1140339608012946,6.9606881128744025,7.0,0.0,0,153.63271307423295,1163.2939393262936,15.077901764342569
2025-05-17,Central,Sea,149.03356220071322,159.9287069017431,0.6623025085356553,7.660054059888122,7.0,0.6600540598881217,1,145.97913217116334,2229.840091838779,10.0
2025-05-17,North,Sea,98.56807891652221,701.2097969797458,1.611100520019609,4.70899263609572,5.0,0.0,0,166.80720713301392,1830.0867860994094,17.599528729884526
2025-05-18,Central,Road,105.8744450606584,210.60471078980808,1.0283198318742257,3.7104531633012754,4.0,0.0,0,176.12010345167928,2078.3073552819324,10.0
2025-05-18,East,Sea,138.70541865358723,64.95207633434966,1.0083135101748328,6.329825774745217,8.0,0.0,0,73.48022320487823,1873.5493442366915,10.0
2025-05-19,North,Sea,84.14411544868913,516.9640587069092,0.9947371469385052,8.176797547348505,9.0,0.0,0,201.65222334391444,1871.1522883215025,20.79903553845621
2025-05-19,West,Rail,119.46639428497672,557.1132575284745,0.5791328741958297,5.188636922719912,8.0,0.0,0,310.1410363820786,1684.349276493947,16.44726060272011
2025-05-20,West,Road,21.51563083266245,269.8784891099902,2.708888867226172,4.50213309986888,8.0,0.0,0,94.55341307267533,582.0665628025465,10.660926976213778
2025-05-20,East,Air,72.84838582046531,692.213157318251,1.343764443790771,3.4127468999451254,4.0,0.0,0,337.8649405233463,1452.3499052080936,20.78454041910683
2025-05-21,Central,Air,66.93662596935971,1655.677040377092,2.005885381283562,8.974953219603588,10.0,0.0,0,506.62431349162614,1683.17033365313,56.71696800119593
2025-05-21,West,Rail,170.50422742252064,1424.6229151238147,1.658909845550038,5.355176961239965,7.0,0.0,0,485.53670312143294,3163.585305831736,42.94864068251222
2025-05-21,South,Sea,258.72980122990464,2030.5622607148343,2.6913864596178403,10.498875747608711,13.0,0.0,0,599.8678590133329,3337.230802708864,70.47959045394016
2025-05-21,South,Road,80.77575464306285,417.349702415338,1.6556504235042904,5.216376801190291,8.0,0.0,0,144.52921220650327,1551.525499073406,12.024356098886448
2025-05-21,East,Road,101.50539110646899,333.05647863048137,0.8059098929567778,5.5301467957400945,7.0,0.0,0,216.998566324625,1504.887219791448,14.94557990842087
2025-05-22,Central,Road,133.4481100245537,234.6496009883576,3.0752939692176184,7.9316106440011875,8.0,0.0,0,96.1108147391738,2075.1170897021293,10.0
2025-05-22,South,Sea,63.79361382846087,492.36837243156504,1.4037487961599007,8.42236126185858,9.0,0.0,0,111.66773138625379,1017.2923074369041,18.908906765258724
2025-05-23,East,Road,102.49288032224933,676.7442119495129,0.8924950593720743,5.140502260721747,6.0,0.0,0,258.6781765301227,1893.787575060137,20.62111538954485
2025-05-23,West,Rail,129.4924758409601,170.04927056861413,3.1490923671589215,6.152504872974142,9.0,0.0,0,187.67859259652587,2054.666791451028,10.0
2025-05-23,West,Road,169.50734676376422,1142.4941175743272,2.2714624376595376,8.325174153239598,9.0,0.0,0,369.9260138585798,3294.289555125154,45.06417053285273
2025-05-23,South,Road,92.17435281483905,211.93156971151288,2.514232196171515,3.3372995430790606,5.0,0.0,0,127.58645242555703,1225.1831932604523,10.0
2025-05-23,South,Rail,34.23977111926037,720.531926246819,2.844417646681066,5.8230510975950365,5.0,0.8230510975950365,1,202.02632489338228,800.2254066182686,27.895150007227038
2025-05-24,Central,Road,197.8558335914717,972.3474094772797,2.7661734047276045,4.918939957987609,6.0,0.0,0,349.5815374640299,2787.1737318989844,40.42659629636871
2025-05-24,Central,Road,50.16850760886879,446.9131525600017,3.3817012164168467,4.566297189552973,7.0,0.0,0,146.587883342577,1503.20898889111,19.312044235858984
2025-05-24,West,Road,91.81940948249867,567.7378133895412,2.1020365291592915,3.0956816184523324,4.0,0.0,0,159.6748151515808,1532.3648560819138,16.695914443228762
2025-05-24,West,Road,170.19530093985094,355.7489549610522,2.0471107863113946,2.84275711134761,3.0,0.0,0,230.98167016365153,3473.8505926448,11.232169412484293
2025-05-24,Central,Sea,42.018253763395265,311.5061273470378,2.5292084214919273,8.93250341778181,10.0,0.0,0,103.77521311608434,988.5361746481145,11.856832730547215
2025-05-24,South,Road,195.40151780130614,807.9305546165697,0.3717879617267581,3.7531320005851496,7.0,0.0,0,421.75375638698574,3252.073368643346,32.84951981180926
2025-05-24,Central,Road,56.047816986866046,345.5915272266772,2.125774886544617,6.384076486352873,8.0,0.0,0,147.1047447865985,1255.3077978400295,13.88393824747525
2025-05-24,East,Road,72.68082212541113,699.4285414772575,1.649730240307945,5.31106348799233,6.0,0.0,0,229.4238697665544,816.7207781306906,27.36337839678998
2025-05-25,East,Road,314.3502861093777,942.5184551604538,2.0956918367200132,6.241284065040613,6.0,0.24128406504061317,1,435.45992053238285,4288.296900975874,39.088186319717884
2025-05-25,Central,Road,306.8134174023428,623.002404419607,1.066827028966138,7.867710163558284,9.0,0.0,0,338.9316403392969,3686.1808548364406,24.763369687543133
2025-05-25,West,Road,57.579285487708056,382.5086771918826,1.9753971206650862,4.919774377889273,5.0,0.0,0,194.65002312656043,1534.4853188998054,16.21288214962428
2025-05-25,West,Sea,183.44335357952133,320.18775684604503,0.3,6.496528160585393,6.0,0.4965281605853926,1,221.2720592076178,2097.5009764323945,10.0
2025-05-25,Central,Road,20.18921674302381,862.5845096044586,1.329512561763599,3.1586958435518753,6.0,0.0,0,77.55700686114373,988.2659237249878,22.80710742179403
2025-05-25,West,Road,37.10307906442253,999.3732516812834,2.1446965673080935,7.033072471531705,9.0,0.0,0,186.86603768809556,745.4479864922696,34.59435460550871
2025-05-26,South,Road,48.08238527599053,121.15678590973644,1.9097777028214056,3.280216512441527,3.0,0.2802165124415268,1,130.35710984050667,1020.197715799633,10.0
2025-05-26,Central,Sea,84.03049917011167,279.1648721874275,2.8654282504343653,9.668658462111111,13.0,0.0,0,147.37531922975,1939.9707052092913,10.0
2025-05-26,West,Road,99.58969217977986,332.9779267285823,2.359647489088859,8.068570072331028,10.0,0.0,0,197.28750602855405,1902.3332890987424,10.0
2025-05-26,North,Road,165.5810065876482,1248.4168664314332,0.5795678045851658,5.531101473790194,6.0,0.0,0,390.648123600923,2658.940671897734,36.96810613791633
2025-05-27,West,Road,116.84526049617627,1218.4654200587624,0.8123093536122399,3.959023261829235,6.0,0.0,0,295.97210323876556,2234.983505040796,47.12463780152032
2025-05-27,Central,Road,120.15164429158763,1076.0858592770933,1.697048973804343,6.02188201001229,8.0,0.0,0,337.47987747244025,2670.158887524909,37.78769330513337
2025-05-27,West,Road,201.44550554433988,132.31835809579226,2.129085609645943,4.844865560760159,6.0,0.0,0,169.3882525359195,2444.891790254146,10.0
2025-05-27,Central,Sea,80.50241298986637,414.47516411161985,0.7687599962619154,8.572956034900141,9.0,0.0,0,126.70774871705157,1495.8080784106032,11.329814225775493
2025-05-27,South,Sea,90.66341196533357,1243.779779997891,1.6726285561285212,9.264129762332828,10.0,0.0,0,334.3911115278296,1474.2009183960663,39.44694585178277
2025-05-27,South,Road,136.3745605799217,344.94895563045486,0.5941335056498547,3.3112162272638197,3.0,0.3112162272638197,1,118.3697671342042,2025.6320247044005,14.423302007913968
2025-05-27,South,Air,41.7666658964819,764.232636881102,0.7973551014404148,1.0,2.0,0.0,0,416.5780763382587,886.3634343753486,20.319462517113003
2025-05-28,East,Road,100.3003712370725,1311.5139546089943,2.59233004699967,6.0159128420430745,6.0,0.015912842043074527,0,331.0861761985126,955.7902646820515,57.019676304720534
2025-05-28,North,Rail,65.66406411852745,343.32355430356716,2.536281119817553,5.095348525844,7.0,0.0,0,169.63649189465426,1118.7524120596095,13.68352929975678
2025-05-28,West,Road,25.120303051099004,688.4504043268394,1.3915965425356809,1.3957121128042989,3.0,0.0,0,183.45963677504855,549.5561379987449,18.130701295206364
2025-05-28,Central,Road,206.23607060019452,308.66003986954286,1.9056006124340492,5.429673225580619,7.0,0.0,0,163.4956046180913,2232.911206690431,13.666946723800654
2025-05-28,North,Road,120.01870954934057,794.9587853596614,2.111947509050071,4.71325902564432,5.0,0.0,0,333.5806653643955,1272.4018417437564,25.758614210170794
2025-05-28,North,Air,115.38425024936416,709.9907186815906,2.58818269829843,5.355694899715634,7.0,0.0,0,419.7792797480576,1947.4830518504766,17.815091414177903
2025-05-29,East,Air,183.26765422348356,126.14870511312188,2.9301788879750053,3.7942037224755882,6.0,0.0,0,277.72730992216685,2187.1797849908503,10.0
2025-05-29,North,Road,86.86555013608705,775.7768781969161,0.7883272459896256,4.996681629435912,8.0,0.0,0,152.33722395420708,1758.9057883947487,31.189496868501664
2025-05-29,East,Road,147.33181312994645,20.0,1.6312647681543018,5.41800169980319,6.0,0.0,0,144.56811820484916,1735.847430747357,10.0
2025-05-29,South,Road,203.89101479188557,511.56601913028373,1.379603757660373,4.497752419577125,6.0,0.0,0,288.8971014191457,2253.923083924795,18.399570971838976
2025-05-30,West,Road,82.12769853075626,153.4759102120847,2.0237259868896804,4.488218541261697,7.0,0.0,0,112.50041688874838,1515.8023849854376,10.0
2025-05-30,East,Road,105.0835971168856,71.18729414774356,0.7294308945716899,1.0,2.0,0.0,0,139.48172725594853,1346.5194133485315,10.0
2025-05-30,Central,Rail,192.13558118990616,1236.5990292288961,0.6513220886332773,4.819970329526775,5.0,0.0,0,436.900415604502,3522.3976838981253,38.72133176440151
2025-05-30,Central,Road,68.16878180138309,404.94926866074474,2.473914952152278,3.7296408051557677,6.0,0.0,0,141.33682510647427,1166.398042004822,12.806330427212453
2025-05-31,East,Road,53.375318266500415,320.7420206211884,2.5029213403041504,4.132277760598123,6.0,0.0,0,181.48847648842423,1240.538732976216,10.0
2025-05-31,Central,Air,73.24917949124294,298.27872588477123,2.6351654464072958,2.726932159485529,4.0,0.0,0,338.3149643249107,1633.266965121103,10.0
2025-05-31,East,Air,90.1690860109214,791.6399250677624,0.6382864516665367,2.5239937870282807,3.0,0.0,0,405.2912165807369,1268.9211360437491,23.79505386661074
2025-05-31,Central,Sea,102.35972183669085,1583.0646245206067,2.247663438235409,11.943931682847456,16.0,0.0,0,401.9821389173738,1440.6306294281662,55.28650361132854
2025-05-31,West,Road,173.44049163751583,1168.1143776076626,0.6876184052475285,5.115998946916115,5.0,0.11599894691611468,0,382.7404801096712,2074.0983438537487,37.08297066221461
2025-05-31,North,Rail,58.36177669318626,450.6432030936468,2.10282145514562,5.797949041880532,8.0,0.0,0,157.9311572602508,1522.6064029255867,18.98019730607007
2025-06-01,North,Rail,159.2639362481317,342.5316874015923,2.0966060471031,5.639239685076208,6.0,0.0,0,253.57688755277084,2990.790816228765,10.6512899922325
2025-06-01,West,Air,202.32410792767746,1374.9678321455606,1.1494215746933591,5.426465151350469,8.0,0.0,0,598.4167337699757,1793.9612686737978,52.62215353001064
2025-06-01,West,Road,123.70231357570263,519.7919520877899,0.7753697466662319,4.873361084538147,6.0,0.0,0,252.37595276502793,2254.614867392298,17.945229402064903
2025-06-01,East,Rail,10.793275308134016,295.0049971481992,0.38689386884417565,6.688375290074909,8.0,0.0,0,158.26276989938577,549.2786588969607,10.0
2025-06-01,South,Road,155.58407425573927,228.6899524698653,1.2558651389539617,4.694852201208802,7.0,0.0,0,193.91068809743518,2791.611156673697,10.0
2025-06-01,North,Road,70.89105807511504,466.4963859197874,3.35752986886319,5.082581949134577,8.0,0.0,0,144.93976083406994,1698.5496019853763,16.311207140255025
2025-06-01,East,Road,178.5912624949713,890.8042791373733,1.9019428581714153,6.289517107720538,8.0,0.0,0,304.25124778044267,2492.832644939166,26.109747759888496
2025-06-01,West,Road,111.2670394473797,329.2251824920773,1.2475037172604577,3.7602663200399506,5.0,0.0,0,239.3143520122202,1703.6930392632921,13.430462623857684
2025-06-01,West,Road,91.20466319801186,980.5145939374452,1.8828467779978568,6.183040909730357,9.0,0.0,0,219.8437034942085,1775.3272615957217,35.77156668138314
2025-06-02,West,Rail,49.586849515062404,445.79126862335534,1.7305498208314798,6.262642262270505,6.0,0.26264226227050536,1,149.88138584417632,726.5615035686931,19.654715324613992
2025-06-02,Central,Road,386.6734690023935,2369.246243437625,1.5413849804861837,9.946982009165996,11.0,0.0,0,759.5346832816302,3501.993562240727,81.77140449721733
2025-06-02,West,Rail,85.90349145383976,142.54349577786837,2.0925588193744478,6.23398855422025,8.0,0.0,0,134.35004433445994,1364.1835365119816,10.0
2025-06-02,East,Road,346.39463275492415,1729.2358745108827,1.7531771791492463,6.961602959006454,8.0,0.0,0,610.5523560232539,3310.6334591119025,53.47525124090947
2025-06-03,Central,Road,58.926205723840454,691.2403396896897,3.0196744240340516,7.055708507134068,9.0,0.0,0,216.21117987342865,1433.463243971425,24.784349377093903
2025-06-03,East,Sea,58.235906270003724,306.31777670253723,1.5024362600749375,6.362674810495902,8.0,0.0,0,56.81083655823782,1531.5680365076123,13.54340453293322
2025-06-03,East,Sea,41.8350121849695,136.0821211170469,1.8433306883483838,8.52450982345897,10.0,0.0,0,40.0,1176.529781237376,10.0
2025-06-03,East,Road,126.56601674831221,860.2287710469265,2.7282067796866123,6.761933383353611,8.0,0.0,0,339.78411123181,1907.3965049140588,35.10020938405564
2025-06-03,South,Rail,65.8014478064946,1175.8472709293728,2.5128937490060004,7.4383590734051666,8.0,0.0,0,306.2113524831001,1360.9037260177593,39.61739036629025
2025-06-03,East,Air,36.7937301595654,267.48967711579627,2.7301561349516126,2.9766216239574352,3.0,0.0,0,262.4412575450152,1053.2629086581092,10.0
2025-06-03,West,Rail,54.71131013726235,973.4752883970497,1.8650279576253073,6.2823564053675165,10.0,0.0,0,313.18380409348157,1294.6604714556415,31.324975499925657
2025-06-04,South,Air,37.24580024605664,66.97943826110368,1.4990728649911813,2.9921694209756913,5.0,0.0,0,259.03868258018053,669.4735592184386,10.0
2025-06-04,West,Air,180.8551592073119,803.4847135221819,1.8809142731566522,5.469183811738063,6.0,0.0,0,558.5977082384369,1886.4011707258705,28.245062171894137
2025-06-05,North,Road,205.3543775153157,553.1174325484892,1.9491196681157215,4.103213521485202,5.0,0.0,0,369.86523199345686,4238.26496805068,19.86609768466974
2025-06-05,South,Road,113.67375486363223,536.6256306420494,2.212723989758879,3.7632920933326046,6.0,0.0,0,234.18289796216368,1954.8407385347227,17.523211180050943
2025-06-06,East,Road,89.27498789270803,96.72225556070953,1.6121093858872018,1.0,4.0,0.0,0,230.0665288299915,1422.4788559154986,10.0
2025-06-06,East,Rail,72.56869010098863,279.52554306977623,0.9888731629923344,4.026130896384876,3.0,1.0261308963848759,1,140.8973270071807,1511.1241371352235,10.0
2025-06-06,North,Rail,52.48295859759329,614.3272340970749,3.4333691931318513,6.280037180355371,8.0,0.0,0,194.40895333386482,1138.879902557591,26.93765263871229
2025-06-06,North,Road,62.10554978952843,1651.9208978994234,2.0072605896914686,8.501068177065362,12.0,0.0,0,332.7561685521313,1328.1717887923887,55.15489424303704
2025-06-06,North,Road,87.79501886420844,1387.0821757804235,1.928154599605578,6.982325231026733,7.0,0.0,0,345.83354043676894,1714.1639361392834,37.82242162197477
2025-06-07,Central,Road,88.15449590722017,358.38517153746005,0.7558786903720198,1.7456194729308592,4.0,0.0,0,223.0438136849196,1533.6817685213646,14.014957639806221
2025-06-07,Central,Road,87.03493979454228,443.0278209268419,2.0508271016360786,7.360278144480289,7.0,0.36027814448028916,1,129.08606792862878,1414.7924353947499,13.895627656971046
2025-06-07,South,Rail,84.31502239524148,822.4721787342578,2.1060799674629815,6.2045968327533405,9.0,0.0,0,272.83683894172293,1294.714892302932,24.353360377670157
2025-06-07,West,Road,19.850534910114543,314.3902055517749,1.966341075997334,4.742676713039922,4.0,0.7426767130399217,1,114.61926172007469,732.3871831944452,12.256165598363973
2025-06-07,South,Road,136.10677102456532,684.3808460369346,1.5238802741695667,2.0524686922855646,4.0,0.0,0,231.56682989028587,1363.3547684053283,19.27965293824758
2025-06-08,South,Road,282.8034566137325,333.9974901694573,0.7219561063127231,2.937050804441996,3.0,0.0,0,386.5602365312553,5374.618227648701,11.10086751774957
2025-06-08,West,Rail,51.600229709084864,728.6515404785988,1.5019433165877034,7.759917031320926,7.0,0.759917031320926,1,241.33702355527842,1132.6535658473867,21.21599078316746
2025-06-09,Central,Sea,140.98542857531046,600.2760444738932,2.5614253282588995,10.001188731360363,12.0,0.0,0,262.15919419223235,2994.0633571309318,20.559056817545915
2025-06-09,East,Rail,82.81646017177496,95.77224450151202,0.9671143013862297,4.679124358036917,6.0,0.0,0,133.52789243470858,1534.0954826979955,10.0
2025-06-09,West,Sea,145.84259059170066,212.10574249416345,1.7876699771133904,7.221350743636477,9.0,0.0,0,103.9591739870475,2227.729474782197,10.0
2025-06-09,South,Road,103.84536634318344,1160.8470103216212,1.5075339003981385,5.810796926097288,8.0,0.0,0,277.8832358103933,1449.9236050408365,42.46704563422779
2025-06-09,East,Road,152.373943168335,717.7722233373202,2.4372670318480725,5.666591393267264,6.0,0.0,0,247.8294530287196,2157.171458377281,18.881809082587058
2025-06-09,South,Road,34.82352964506049,37.92661749290607,2.715085949930968,4.333664073773051,5.0,0.0,0,40.0,1141.8447398786511,10.0
2025-06-09,East,Road,87.21293986201123,522.4525684732241,2.6274555331214575,5.688896206829429,7.0,0.0,0,166.76991156136128,1134.8711224014598,17.549612018835298
2025-06-10,South,Road,135.8163216276598,220.11306405140016,2.36928817892367,5.262771308320973,7.0,0.0,0,175.40893805548302,2188.390485450878,10.0
2025-06-10,North,Air,84.23688488434247,262.81675082646353,1.4356494002618103,2.4697918378593204,5.0,0.0,0,320.03173898639903,1260.4079829910063,10.0
2025-06-10,West,Rail,112.45603813217963,1046.265967298601,1.9133230546008146,8.236172759070264,9.0,0.0,0,352.2990834264317,1267.9153309843582,35.71779065287202
2025-06-10,West,Sea,179.9904796470539,1531.4969938309216,1.450561964605781,10.656068791427666,11.0,0.0,0,385.6676876131919,3676.0062790731904,57.96203439425078
2025-06-10,North,Sea,81.04122024794246,492.8807586991188,1.665631704282758,5.883747067922565,7.0,0.0,0,203.62776506247693,1485.6298819019366,16.68268092414472
2025-06-10,North,Road,22.001399861167172,405.3752134674437,2.9444977645828354,2.396634874486372,4.0,0.0,0,144.92412175871527,603.2626137978242,10.56276768722365
2025-06-10,North,Road,197.05971986023948,343.7855193925397,2.022019314907423,4.328799221891481,6.0,0.0,0,293.99757248657875,3612.420755759838,10.48550486405378
2025-06-10,East,Road,110.68057258591368,401.5321021387481,2.447206109477812,2.974995464181052,6.0,0.0,0,163.52922027869482,1841.6475556327478,10.467568861805955
2025-06-11,North,Sea,170.3330831009781,145.93578924178203,3.0129998187355076,8.917069840862004,11.0,0.0,0,128.7717377095587,2094.1329145221625,10.0
2025-06-11,West,Road,59.47832812040903,286.00265955981996,1.037847887496598,7.148930423949512,7.0,0.14893042394951195,0,113.79176124301216,1284.3120713699564,11.789480256223925
2025-06-11,North,Road,172.93504330206466,473.0409009644629,1.7615886688812878,2.6748294773943417,4.0,0.0,0,281.69737705435045,2604.702212242114,20.227076170712916
2025-06-12,West,Sea,135.65008065728276,617.8923159710417,1.0734424737858848,8.804060122247257,10.0,0.0,0,252.03684878791773,1908.1342424242157,17.841498650114467
2025-06-12,West,Rail,108.08277939434946,1440.6949478041856,1.7866629564838918,6.831866972930954,10.0,0.0,0,401.7287110112217,1986.5509120948768,48.40802988959639
2025-06-12,South,Road,145.49475450955993,719.9904579890593,1.8737049186653043,3.5605883175596755,4.0,0.0,0,311.66969849823323,1802.1160926314137,27.76180135716243
2025-06-12,North,Road,166.47828365179384,358.5656550872152,0.3,2.7671745546812985,4.0,0.0,0,248.86986704888463,3018.4558399952875,13.989786566233793
2025-06-13,East,Road,217.17935856423784,163.40961804126897,1.6684443694168523,2.4075271460430168,5.0,0.0,0,230.9420477660774,4323.667369012156,10.0
2025-06-13,North,Air,68.1278040457616,676.6391084021191,1.9431835876048333,2.873797620911529,4.0,0.0,0,379.06680569316035,1446.3498414432306,18.412846341678843
2025-06-13,South,Sea,104.18794356056432,923.0242499900919,2.199335298254268,12.238377392127923,14.0,0.0,0,215.48990402160686,2259.884958871826,27.834897292170258
2025-06-13,North,Sea,166.2620823674408,354.0219596872663,1.9501102834914028,7.7107814217319,9.0,0.0,0,208.27280072195214,2776.975249123807,10.0
2025-06-14,South,Rail,199.03102536688885,430.0705785087748,1.8494712653798806,7.681261796365023,10.0,0.0,0,303.74960454336116,3124.9671226263017,18.35636027989683
2025-06-14,West,Road,256.66258010367335,321.3184044050238,1.8110384621867464,3.7176549171355866,5.0,0.0,0,290.02747012993586,4428.0082901932965,13.932975191000743
2025-06-14,East,Road,56.4759335010462,126.224660790334,1.997976648658526,4.290188021178469,6.0,0.0,0,142.59610901539125,1314.0358168429343,10.0
2025-06-14,East,Road,191.97056705797914,246.0556855816369,1.1666730732359216,2.5274004977485065,4.0,0.0,0,253.80824246302817,3082.1020733779706,10.0
2025-06-14,South,Sea,78.42316030347725,882.4313581868773,2.5355767796216098,8.995979165171612,11.0,0.0,0,211.68580915968562,2035.4229039354327,23.651613296018553
2025-06-14,East,Road,34.57012965200619,411.1788017539994,1.8873392260402557,4.023546038629831,8.0,0.0,0,65.6224920741509,1060.5435285521783,14.65313852573765
2025-06-15,East,Road,104.34183956890953,89.0217983657332,1.7029363683053058,5.173492837731883,6.0,0.0,0,90.74062478484413,1556.7173020043588,10.0
2025-06-15,West,Sea,116.47169890932389,400.74868917266565,1.592975823730223,7.357601874411751,8.0,0.0,0,195.49458342752177,2623.252630130063,14.125639035630158
2025-06-16,Central,Road,121.04322751013943,1118.2829184546772,2.4478146466763766,5.755540522060046,6.0,0.0,0,277.50652713112214,2672.80483781359,47.85376454837029
2025-06-16,East,Road,26.98414687556396,709.8692414208181,3.0316351901517873,4.261846057337488,4.0,0.2618460573374879,1,190.52885120468264,777.8044256454926,23.78979582553271
2025-06-17,East,Road,86.93569677894483,861.7938515753384,1.5382058776306007,5.881275955920338,7.0,0.0,0,281.69372683424706,1538.0742514461288,25.06969195929754
2025-06-17,Central,Road,125.54435319370435,519.5731884824839,0.3,1.1458862138950225,2.0,0.0,0,223.89089906440353,2164.8122291113596,16.465072833033624
2025-06-17,South,Sea,188.3607866383097,179.72081005934285,3.070791878889552,10.328018899311665,13.0,0.0,0,163.17263708063862,2287.2458005185226,10.0
2025-06-17,Central,Air,175.48660787544708,308.144889506904,3.7107574532374725,4.078581687145339,5.0,0.0,0,415.19239846586584,3413.0232052724787,10.0
2025-06-18,West,Road,118.05840500710703,487.13821635173116,2.306475982295607,5.873979029254505,6.0,0.0,0,166.97937822751942,1256.5064632271028,21.203791501124943
2025-06-19,West,Rail,52.60151683832872,828.4313050563165,2.933722947066027,6.151463510549481,7.0,0.0,0,256.7220581087313,1141.1853529380123,23.486583391868148
2025-06-19,Central,Rail,121.20027549599934,524.2747968162693,2.9548910457023165,6.374829420770484,7.0,0.0,0,224.21375988273596,2080.8727100166134,19.00057741379672
2025-06-19,Central,Sea,133.48613161873396,590.3386711193181,1.5626782439225337,7.76266545038414,6.0,1.76266545038414,1,215.74631986744376,1977.974317984204,15.474454046317687
2025-06-19,North,Air,82.36155530306061,1789.1004250301735,1.6353256022119296,7.339479303749302,9.0,0.0,0,592.0224397178446,1769.379736431491,66.97185068473021
2025-06-19,West,Road,49.374258170679326,487.33741898001756,1.363251199717387,5.5365321381101955,8.0,0.0,0,145.64238499599415,865.2832139581453,13.301327981620258
2025-06-19,East,Road,155.61734493856204,186.9223318708556,1.2653109790621446,3.2416089662218037,6.0,0.0,0,162.61373395367653,2141.586702444952,10.0
2025-06-19,West,Rail,107.75290585453882,823.9641179778426,1.2697573544930871,5.792545569063108,7.0,0.0,0,283.6182439281509,2157.1443197079525,32.14336948422431
2025-06-20,North,Road,198.40331635457784,154.07709234658876,0.5067891195770404,2.81805075700015,4.0,0.0,0,188.6411873479878,2707.20474777324,10.0
2025-06-20,North,Road,110.12501509779565,1160.4584844116584,1.2524945430691723,5.548960346633585,6.0,0.0,0,263.2973530686316,1499.7819849461594,32.60095748482396
2025-06-20,East,Road,44.528763027853664,531.4695388367337,0.4971800266913511,3.0424251612875466,5.0,0.0,0,183.17250902579082,946.4064001783202,14.142578247243273
2025-06-21,Central,Road,195.05024036864938,809.8061627346787,1.3408975527930276,4.4613346368108955,6.0,0.0,0,308.24347145128246,1959.4499951672792,34.2764694277197
2025-06-21,East,Sea,163.37859251875452,258.1674350487815,3.0844403953898176,10.742038696129626,12.0,0.0,0,203.90600513339564,2360.3908237199257,10.0
2025-06-21,North,Air,85.62843988920376,633.8952768196478,2.6038978152479983,3.595595908639155,4.0,0.0,0,387.5729416208025,1309.2465402819034,23.582845080903322
2025-06-21,East,Rail,39.29570332501049,495.38782358379376,2.682157381032069,6.1990335310874904,8.0,0.0,0,214.90213143119306,1083.7760398651305,13.090610733725278
2025-06-21,South,Road,81.57702296004967,648.7447249897217,1.7254107930685363,5.364999079085556,7.0,0.0,0,226.25636607267606,1612.4577170784223,20.86513825255149
2025-06-21,East,Road,71.9461669245264,320.9926092981724,2.887464427937292,6.818878966384056,6.0,0.8188789663840561,1,169.4514263248171,1359.2070680976615,11.353813091167943
2025-06-22,South,Road,186.75975037013382,884.623252578281,1.596611897155728,6.7525614037101205,7.0,0.0,0,322.66416525742983,2322.4842526089037,38.6678575647019
2025-06-22,South,Road,90.72794518921211,436.34266944913685,1.6290790505108035,5.327324679988763,6.0,0.0,0,156.40892610309857,2220.7213440681653,13.272444903893994
2025-06-22,Central,Rail,166.44826979840226,522.2371162429398,2.0885515006883715,5.627388534389679,7.0,0.0,0,274.2966285100909,1536.6778682127283,23.213325849397
2025-06-22,West,Road,103.18186235746904,189.39361341387539,1.8021955117535582,3.9811690128390977,6.0,0.0,0,175.84408930210577,1976.0959350808237,10.0
2025-06-22,South,Road,95.83041464360791,1260.1396668266307,1.8259961638296938,5.202161073318664,7.0,0.0,0,243.4854691323959,1925.3768573582586,38.58262708497084
2025-06-22,East,Air,76.71128605738991,1068.6315685769484,1.511792078778175,2.6880143931019322,2.0,0.6880143931019322,1,473.1674928668291,1540.43987504968,33.75351832175653
2025-06-22,West,Road,171.66088836136183,207.06710608544407,2.351303455042404,4.700009420580163,8.0,0.0,0,245.6505044850532,3049.488364824825,10.0
2025-06-22,West,Rail,119.36121527205817,543.7656825250948,1.8396279063007996,7.198139007352118,9.0,0.0,0,214.35195463093225,1988.5492035847442,21.298734591401853
2025-06-23,Central,Road,139.665416006436,653.7913344813264,1.7180914978996658,7.180683880408003,8.0,0.0,0,256.02283568858286,1654.175493769162,18.364480267047504
2025-06-23,East,Sea,141.42654407827567,862.2663507026624,1.7633627706220436,9.631432156002717,10.0,0.0,0,295.29705709199163,2859.3753136478044,38.75258179994469
2025-06-24,North,Sea,75.23346156822782,788.750690369736,2.126434994556943,9.393575396660248,10.0,0.0,0,156.1152519145113,2051.8679732841965,23.63192143587647
2025-06-24,Central,Rail,88.16913330513763,695.1479351390103,1.1608521170745605,4.569106429267544,7.0,0.0,0,291.2478653095326,1086.2493078713874,21.25488445074102
2025-06-25,West,Road,29.560833642335417,496.46054931782083,2.20672089666566,3.39895528999998,5.0,0.0,0,127.18586251679855,576.5401340021157,12.548690513712682
2025-06-25,West,Road,354.5096231480048,269.4270798338679,2.3047274551369754,5.489979381182799,5.0,0.48997938118279905,1,326.86653775500145,3406.512596409185,10.220830989168036
2025-06-25,West,Road,82.79529989218373,268.25301428007316,3.6499855244128634,5.7894169928992625,4.0,1.7894169928992625,1,145.43538918959854,1832.8273124870839,10.0
2025-06-26,Central,Road,251.82750506737614,1401.5923980150017,0.3,6.241949131749536,8.0,0.0,0,474.94332153208916,2508.6872120165463,57.469155098548995
2025-06-26,Central,Road,73.80400023846724,1174.0905960551802,1.7904652880217409,7.56759482353804,10.0,0.0,0,284.43125054408125,1440.480235512338,52.50948508808578
2025-06-26,West,Sea,103.52642573492324,776.5714843901736,1.9681828732628206,10.615284040758015,12.0,0.0,0,208.99233867552033,1796.1721887028214,26.94862999614759
2025-06-26,South,Road,105.93813005136796,635.4388666176983,2.645577866719661,4.62658900908834,6.0,0.0,0,282.3085276103891,1538.6379433890938,23.506618193799426
2025-06-26,South,Road,48.04286392410706,1045.8631078017788,1.7689590650993718,5.186126977289219,8.0,0.0,0,270.06653753839,1160.8122050882662,40.40231374810922
2025-06-26,South,Air,184.33001414772806,918.7040488642734,1.3222445989718146,5.4626197299812995,6.0,0.0,0,496.3795812985576,3268.33903960554,34.854003808880336
2025-06-27,North,Rail,56.17896849371594,503.52558880018705,1.7334138317834746,5.7879534695157915,7.0,0.0,0,243.2410940063902,1193.4396792289722,19.573048932021628
2025-06-27,West,Road,78.60544954899775,927.7679924580544,2.3630249362528755,3.5128947327706954,4.0,0.0,0,293.0610516735861,1686.31848909657,30.564998096502215
2025-06-27,West,Road,217.15640499662476,384.79074609013605,0.8129983512837891,2.518017761876087,2.0,0.5180177618760871,1,259.36693271884286,3642.0707554513883,14.352266646778753
2025-06-27,East,Air,220.3738214179346,330.572094080649,1.2944464013519315,2.514649317859976,4.0,0.0,0,421.05489501805687,3509.1567237375334,14.515803263290536
2025-06-28,South,Rail,151.20700459339727,1333.1741246593651,2.7462995965777854,8.675447581148497,7.0,1.6754475811484966,1,376.7656939608416,2125.9466018879098,40.71675691821009
2025-06-28,East,Road,46.03226102843531,92.27312046713254,1.1413224509695998,1.0,2.0,0.0,0,122.71925117060947,1095.7972957894895,10.0
2025-06-28,West,Road,61.525618157148465,488.0548861967661,1.1394469571112922,2.7992133591354014,5.0,0.0,0,237.91231466137197,1563.0010526791648,21.41710367387042
2025-06-28,North,Air,176.78330772787862,224.7877226232532,2.7853987925588166,4.9575594972087424,7.0,0.0,0,354.39444142395996,2304.452520822918,10.0
2025-06-28,East,Road,194.08882908963335,1649.307454080814,0.3,7.07598811388277,7.0,0.0759881138827696,0,480.3464187902312,3172.3147910888965,44.40109568009608
2025-06-29,West,Road,50.68113348867056,201.36975018103294,1.9915456171129804,3.0465728739602773,5.0,0.0,0,130.74073807914,1513.2037973155718,10.0
2025-06-29,Central,Rail,169.62612807115832,2500.0,1.2069767965794127,9.527774259847584,9.0,0.5277742598475843,1,620.4577760525948,2658.465966704249,71.18778481149117
2025-06-29,Central,Sea,94.50567002912997,20.560815273000035,2.928260764760398,6.445503747407169,7.0,0.0,0,93.20654133521838,1083.6833317637154,10.0
2025-06-29,South,Road,91.09533608934981,842.1539141902249,3.1322010190573586,6.227922622895136,7.0,0.0,0,245.87664511403892,2183.016159119833,22.668436116056597
2025-06-29,South,Sea,290.8546245690561,968.9581068527377,2.813530519592711,9.395000787910032,13.0,0.0,0,425.90397590252815,3864.302150617817,33.09063646478136
2025-06-29,South,Road,84.3279674931269,617.4859469767746,1.894198859570436,5.364681028897199,8.0,0.0,0,184.4902890041055,1346.3745585590668,27.38188700551618
2025-06-30,South,Road,129.4841815964448,966.0225892340906,0.6675728565694565,1.8761207593904672,4.0,0.0,0,311.9999715714816,2649.762812819646,43.01083039740521
2025-06-30,East,Road,155.29268367274767,185.02909256825265,1.3218502069322864,2.255530362408355,2.0,0.25553036240835514,1,214.01832109763558,2755.291462718797,10.0
2025-06-30,West,Road,191.13637060708015,156.0465267971962,1.187312285912432,2.311975194417278,3.0,0.0,0,269.22521271227083,3666.7568913135115,10.0
2025-07-01,Central,Sea,250.7911425596381,127.069912015597,2.448001691375276,6.315444513480174,7.0,0.0,0,259.3367314278763,5173.016975600327,10.0
2025-07-01,West,Road,59.93436702076431,346.62862272924315,2.9568788948601754,4.90284814734353,7.0,0.0,0,117.35179309971836,795.300109902639,11.816569830092492
2025-07-01,Central,Road,127.41848506603947,219.79610230786628,1.7445618771870222,4.298211544944239,7.0,0.0,0,118.94881577664555,2043.9015058809714,10.0
2025-07-01,Central,Air,172.7883076938021,700.1649841374438,1.173713597934327,4.825928495532941,5.0,0.0,0,486.007311688375,3218.7845642080497,20.556211750551697
2025-07-02,North,Road,130.80332035460572,848.1117445726496,3.0319321167122597,10.574633294826022,13.0,0.0,0,272.3632680222418,1359.0943919594429,29.48092817603676
2025-07-02,West,Sea,88.73310956360054,354.24890370000685,0.3,6.484092399115352,9.0,0.0,0,88.20560060043492,1799.506856540099,10.0
2025-07-02,East,Air,134.0546774713604,518.3047800528979,1.538933147434105,4.703730197736391,6.0,0.0,0,336.0124391484137,2199.0193563704083,20.078722434910148
2025-07-03,North,Road,40.671948435171565,1034.2651705939938,3.4721717497097346,7.7073388000874195,9.0,0.0,0,270.13829946186536,1080.2190355821326,26.66787586318615
2025-07-03,West,Road,101.24659646168476,74.91138513776436,1.4091246735204,5.140916620617096,7.0,0.0,0,125.97448010324604,1435.9601059955653,10.0
2025-07-03,North,Rail,89.97213830337056,986.6283645317909,2.5650528315664385,10.045235581803516,11.0,0.0,0,378.7135856699789,1769.1442183255454,36.44998552556537
2025-07-03,East,Road,154.71072346707987,386.9958447657462,1.4689129255125164,5.59227798934783,8.0,0.0,0,254.2091717223539,3185.020131050556,17.17120401802289
2025-07-04,Central,Rail,84.2069639546957,317.11796912131365,3.078913335124245,6.623205813869405,6.0,0.6232058138694052,1,170.65547581614854,1266.6560716624253,10.383620165153545
2025-07-05,South,Road,160.16412825131346,293.4635922647204,1.3240148566326633,5.024407530071626,7.0,0.0,0,122.1479223211684,3150.692042428431,11.66752474970894
2025-07-05,North,Air,181.38807023058322,389.37651488956897,1.3029027032464233,3.686948137211566,4.0,0.0,0,411.7835272657235,2697.8608597295492,15.080516200428502
2025-07-05,Central,Road,78.40756590068443,215.70300835805799,1.653634059591827,3.2492896213729905,5.0,0.0,0,93.82093159745946,1380.8936271340028,10.0
2025-07-06,South,Road,132.32067490771126,575.5570500826311,1.6252704512219918,5.195628453793891,5.0,0.1956284537938906,0,255.6105474000716,1992.8221016379464,22.669149594580766
2025-07-06,North,Road,54.92285353743875,146.37829038353706,0.3,4.752887658080541,7.0,0.0,0,143.55558713494,1175.2226437251982,10.0
2025-07-06,East,Rail,78.278023037633,280.1751051972095,1.2439994113383572,3.3161390617879474,5.0,0.0,0,202.60203758711552,1151.4224194619287,10.0
2025-07-06,South,Sea,58.96759019433199,373.1620185694469,1.8098223112192309,7.185688740625698,7.0,0.1856887406256984,0,111.37831832913503,959.1604953829665,16.739362968242308
2025-07-06,North,Rail,103.06088114284621,407.12107316309374,0.3905328083748201,3.735101157788123,6.0,0.0,0,176.18317367189863,923.6307038776172,12.511294892925081
2025-07-06,West,Road,132.5650459273733,898.788610708493,1.9048868504678682,4.7170680720960725,6.0,0.0,0,254.91656136898533,1438.168813614143,26.526902250521747
2025-07-07,West,Rail,52.915354246644924,926.7962024921316,1.1117601262467085,7.572085020185267,10.0,0.0,0,236.02573248298498,1724.9621278411337,26.50093417240897
2025-07-07,North,Road,15.853596945803448,1345.633430597672,1.4708704690520538,8.319912704411424,10.0,0.0,0,165.2091913242517,704.8499196410888,48.123422056274215
2025-07-07,East,Road,16.887845433569666,1306.943706552193,1.8947498216719911,6.402737950104382,7.0,0.0,0,284.58910134402066,918.2243073168252,44.65698724119851
2025-07-07,Central,Road,87.68153970660194,243.34669121115795,2.723371913833179,6.404361177194087,7.0,0.0,0,117.39942405921657,2121.112951521369,10.0
2025-07-07,East,Road,149.64043271089108,805.3601573346723,1.6336776084006075,7.454869701699215,9.0,0.0,0,266.97126646278343,1287.684867467881,29.432348910476403
2025-07-08,North,Sea,47.9531762508732,749.9735046586595,1.7408289236794465,8.045594315024559,8.0,0.045594315024558796,0,189.81200666312952,1107.748680507177,30.685124061431317
2025-07-08,South,Road,153.23784613863236,465.4782903688743,1.0227520021792467,2.3897249774260167,4.0,0.0,0,242.8991742194178,2783.982525410506,15.050967656897669
2025-07-08,East,Road,77.61747543501532,995.3630743707506,1.5404311422323729,4.347885740315914,6.0,0.0,0,250.8901455563556,1986.7657099472115,38.43867758754686
2025-07-09,Central,Road,133.58876433748756,538.3364491491742,2.1357723109850597,2.0183984466175238,7.0,0.0,0,262.58827692768455,1450.6412299079464,23.531420168473566
2025-07-09,Central,Road,105.54248132763587,606.8410445890153,2.4690960234059283,3.4924179665386217,5.0,0.0,0,223.2613319308405,1405.3356382951229,22.37539608664499
2025-07-09,East,Road,182.07779478009164,1823.6497443828316,1.2372547296378809,5.8102035537005765,9.0,0.0,0,514.0506038326735,2524.0847190248705,74.50815557770652
2025-07-09,North,Air,211.57263114495342,720.812516515076,1.5146326094588691,3.6691505349361275,5.0,0.0,0,468.7417099371004,3721.604979921446,24.76692297655758
2025-07-09,South,Sea,107.06724250055166,872.4909050050189,1.3448427901756566,9.304320474670728,10.0,0.0,0,216.44783448682048,1889.485463266541,22.60280913430458
2025-07-09,North,Road,104.96647890889882,368.6187764110575,2.3534685099285744,4.167844555398609,4.0,0.16784455539860943,0,200.61566447861722,1532.4285031835348,15.180937477443738
2025-07-09,East,Road,180.1388562865185,497.0830525831745,2.6475809339414744,4.0039776644067455,7.0,0.0,0,240.38756905952283,2976.026461326734,21.836918104188246
2025-07-10,Central,Road,84.58540815735252,320.86861107979047,0.9887812957568045,6.829156910000436,7.0,0.0,0,137.222477605981,1256.2241716777785,11.893427901467158
2025-07-10,East,Road,179.72812975050977,550.4118366658973,2.0198464371711182,4.789056990150287,5.0,0.0,0,324.1425223562992,2405.1843103779374,17.08558591925468
2025-07-10,East,Road,60.68335222875726,516.5774865972357,1.9556575847330473,5.755399726603396,8.0,0.0,0,152.46355820562897,1243.7478970807042,15.370378989293066
2025-07-11,West,Rail,171.71536434967874,794.658385074225,2.2012056733712106,7.357643569020879,8.0,0.0,0,252.6800085378855,1826.9179307181423,22.234578245443902
2025-07-11,South,Rail,92.97946914719442,286.8773561251189,3.1091571869639765,7.447323588878347,9.0,0.0,0,238.79322318522645,1797.8845351139835,10.0
2025-07-11,Central,Road,170.4272996204668,419.3928228585653,1.1522129225944455,3.317280411332317,6.0,0.0,0,248.9047422542878,2696.643351023243,13.827131787794112
2025-07-11,East,Road,109.73435980711406,507.9923457492838,2.1414353044988053,5.190772124178997,6.0,0.0,0,211.367853579534,1960.885434299607,18.079771521209185
2025-07-11,South,Road,182.39557621374135,333.3954856958101,2.4809327195921314,6.265730592937319,8.0,0.0,0,240.30724168775603,3348.4828323066668,13.283562104372232
2025-07-11,South,Rail,77.25460261753406,212.01716530526951,0.7651582834054309,7.443901011967552,10.0,0.0,0,98.17524296958823,1967.9998268246527,10.0
2025-07-11,West,Road,81.42184426941827,678.7478059995472,2.6980111855939155,4.922393647267187,6.0,0.0,0,190.991865608223,1971.8867897235832,23.5397178538098
2025-07-12,South,Road,93.65555245648486,599.1303191309327,1.2420717213501784,4.541390188714481,5.0,0.0,0,277.54616451288695,1873.1181525912862,22.179292884813016
2025-07-13,South,Road,152.5804793107258,655.4019586706813,2.009729568352556,4.474541408695553,6.0,0.0,0,280.175455702117,2539.743580537295,26.600231078646782
2025-07-13,West,Road,57.81750495495552,151.28276124057336,1.9685836867346709,5.335969490673861,7.0,0.0,0,40.0,909.6208375386034,10.0
2025-07-13,West,Road,57.372463726181905,466.8574096066372,1.6213238734633375,2.9446110936664733,5.0,0.0,0,156.81643850754884,1141.5410776347287,12.032503171765857
2025-07-13,East,Road,138.06851366915865,741.7703073930898,1.0856047878555228,3.9102145816172658,6.0,0.0,0,286.62861420711477,2875.1798624077924,24.741573195837613
2025-07-14,West,Road,128.05717283309662,678.9369329713243,2.781857950510479,5.179056490306094,6.0,0.0,0,319.50812241029763,1607.610493232357,21.961022836491743
2025-07-14,West,Rail,46.873314762402124,602.0996276289851,1.4328562364480972,4.200613199408626,5.0,0.0,0,162.41805823411147,1060.572713213774,16.63140346854845
2025-07-14,East,Road,104.16499525966651,334.3069242217051,1.193022143211176,4.32179246361538,5.0,0.0,0,184.99170945161532,1488.2873512367637,10.0
2025-07-14,East,Sea,190.4700136909627,347.72019554533927,2.5748069453106224,7.931482203406601,9.0,0.0,0,234.88895447358126,2815.356342216343,10.0
2025-07-15,North,Rail,87.66619650867709,1337.8773106412082,1.5073069754444983,7.094823805377037,9.0,0.0,0,384.6116255504453,2204.160872034456,57.271641464940394
2025-07-15,West,Road,65.36397667335923,920.9199572685745,0.901470138927078,5.370970723632162,5.0,0.370970723632162,1,285.26989889918207,984.2029420394223,31.0614226759519
2025-07-15,South,Rail,126.46776236555849,716.5241797023433,0.3,6.055036026844256,6.0,0.055036026844256014,0,249.58692514417,2376.383422073263,27.381895843177038
2025-07-16,North,Rail,100.0975979960671,753.0451647699017,1.8827363572752518,6.376577625733347,6.0,0.3765776257333471,1,220.6548408361321,1843.3877620590988,28.62324647966992
2025-07-16,North,Air,72.29590477922164,657.1083572992101,1.2288347467108105,2.898084436583644,5.0,0.0,0,429.03259077903056,1617.171826152653,24.834367869073798
2025-07-16,South,Road,119.13209019724103,180.19702297072382,0.38531736858351495,4.21190520160444,4.0,0.2119052016044396,1,144.83337793791193,2119.0061670775985,10.0
2025-07-17,North,Sea,92.75565537356961,1221.506369477725,2.4820844715044714,9.495476818866983,11.0,0.0,0,284.84166914353733,1114.992123701737,46.45510343513319
2025-07-17,South,Road,91.45125918210414,249.36209896578012,0.3,3.1398588718649947,4.0,0.0,0,142.4944471925743,1500.3742846864739,10.0
2025-07-17,East,Road,41.16018089575913,752.3687782994671,2.237964112783941,5.779326033355844,7.0,0.0,0,162.1264187984314,923.8639388454274,19.270206223836567
2025-07-17,West,Sea,60.97990803965909,782.4327271909963,3.224894392591443,10.765787195825792,13.0,0.0,0,208.95283312968982,1450.535133209672,32.74700533032193
2025-07-17,North,Rail,71.76994801345899,342.1266114297118,2.8817953133168626,6.1622587158458515,10.0,0.0,0,221.57017006384598,1701.3741233064902,12.376738872257725
2025-07-17,West,Rail,78.87655686343648,96.39272450514477,1.0363455081769324,4.534601856413669,5.0,0.0,0,162.74726388386117,1670.8925896180385,10.0
2025-07-17,West,Air,184.58982916517448,147.78452821372326,1.703506940138022,1.51652899660437,4.0,0.0,0,427.12541329530023,2103.2177099595733,10.0
2025-07-18,North,Road,193.73197667940906,747.9803940746414,0.5695399952536715,4.67136055591307,6.0,0.0,0,318.62419460688346,3626.4472664012733,26.363123755925955
2025-07-18,Central,Road,78.732919080711,1156.5539743709835,1.8377336586107031,8.001894660655823,8.0,0.0018946606558234436,0,308.5567224672384,1908.8366467729509,35.37331389384876
2025-07-19,North,Road,56.39914981257145,247.4170587701283,1.941040559232504,5.8340198430369465,8.0,0.0,0,109.29928720014341,1182.196170680094,10.419659505207811
2025-07-19,Central,Air,56.038867217342194,206.88599859698925,1.2788705679948698,2.4749228200283366,3.0,0.0,0,256.05172727221145,1137.2834551559404,10.0
2025-07-20,West,Sea,24.528867373351062,469.25557753434043,2.3809450567962687,9.024333488979075,13.0,0.0,0,161.5540990621423,959.1095888223695,18.729358424113094
2025-07-20,East,Road,186.60918598330213,329.85888776715507,2.1883488293923907,4.404413340484221,5.0,0.0,0,194.37968223567668,2596.003689883709,10.09327143405839
2025-07-20,East,Road,333.7522308186497,1044.9154960752153,2.0729983825183815,5.553118362614006,8.0,0.0,0,515.1792660358415,4179.797302544887,33.58123395870347
2025-07-20,North,Road,170.68982504665107,847.3555616844495,0.44547189722135383,2.9296615438736917,5.0,0.0,0,267.0362366329766,2393.6530363630472,22.779146047216795
2025-07-20,South,Air,222.22600445751792,406.69033326360375,2.363922288168701,3.136843972835658,4.0,0.0,0,450.8516297336671,2441.7325979105703,14.037580530558639
2025-07-20,East,Rail,75.92879486228337,634.0201610762626,1.8013296514074035,8.33096925394535,10.0,0.0,0,204.97601423260775,1466.6347737501087,22.667370365548333
2025-07-21,South,Sea,110.23572252869039,273.30966628724207,2.6581155337257956,7.279397446142309,9.0,0.0,0,209.04955458202488,1986.686423851574,10.0
2025-07-21,South,Road,109.32102996396932,315.72936662474245,2.343107847721959,5.000781377897857,6.0,0.0,0,120.19613977956169,1899.5254409434103,12.995179075840017
2025-07-21,Central,Road,28.520348439484376,547.6614021369228,2.61405156135765,5.723655368971455,8.0,0.0,0,95.16481499976848,909.1537851453172,18.506741145055894
2025-07-21,South,Road,151.58870976939966,377.35570894174924,1.7644501168430242,4.469566814909668,7.0,0.0,0,235.3342634993415,1537.4058960092402,15.239452790379575
2025-07-21,East,Sea,107.11140514947313,360.53435030809123,1.5388899856320224,4.534180987175189,9.0,0.0,0,186.21720770882175,1848.1607183786919,10.0
2025-07-21,North,Road,90.27385103362329,56.51767314583464,2.3009172062611474,4.928188496935157,7.0,0.0,0,62.072556336343396,1630.7142163910994,10.0
2025-07-22,West,Road,39.300998916238356,458.00754578478103,2.457535836037427,3.8203881504160493,6.0,0.0,0,123.06286111425224,1164.382971947511,15.277150123962066
2025-07-22,Central,Road,172.8890701111144,1119.832346468609,2.4462451668362455,6.367654503191038,7.0,0.0,0,363.96339635676344,3401.8273925530684,49.9552696613686
2025-07-22,West,Air,75.32339950806808,807.0142305008849,2.5659359582604186,5.694424404358607,6.0,0.0,0,436.03065630300307,1384.369356870231,24.60344548995278
2025-07-23,West,Road,58.983260366026045,677.8616038303928,1.1632222047525365,3.4849069257247125,4.0,0.0,0,162.86115055568098,1152.73742872689,23.612323262518107
2025-07-24,West,Road,130.7176503531271,1763.8949524667737,1.737067813709968,7.2320512285096195,8.0,0.0,0,410.13154639165117,1720.2577448860893,62.32612585023929
2025-07-24,East,Road,111.98113692806082,506.6927319091398,2.666834297044306,5.532758365754639,8.0,0.0,0,172.8583206684042,1935.5840448255778,19.427290655243706
2025-07-25,East,Road,117.86469015126879,335.38162761194343,2.5627539410023727,3.279483753222559,6.0,0.0,0,273.2196131810242,2152.555234985285,11.340925715610735
2025-07-25,West,Road,263.48160074786205,930.6336944031231,1.8010674602227432,6.060413363875331,7.0,0.0,0,420.5208246357694,4404.802979970226,27.99397696066319
2025-07-26,Central,Rail,83.50083691328487,2150.7877320730963,0.984627126792373,9.168872654241662,12.0,0.0,0,501.9015900528246,1717.8808345723264,70.06423818359016
2025-07-26,West,Rail,108.38229481797129,170.74560239543146,3.400814376058309,6.089932790711147,7.0,0.0,0,137.34255681536766,2230.247274387812,10.0
2025-07-26,West,Air,57.55178184891559,840.1288085418673,3.095243224743876,6.111849003700365,7.0,0.0,0,403.78081689415825,880.9456730992556,26.723619516219586
2025-07-27,West,Road,65.58847239529464,132.98480997122664,1.913536810281882,2.365345108656545,2.0,0.3653451086565451,1,106.70291005203082,1091.0105375814524,10.0
2025-07-27,North,Road,72.494590113814,182.22922581527666,1.7195410771602175,2.234099950025416,2.0,0.23409995002541617,1,65.76545881888183,1243.476048047481,10.0
2025-07-27,West,Sea,87.6809147716721,367.6757176519788,2.04483596286809,9.381367807680883,9.0,0.3813678076808831,1,146.36310908554293,1417.2499176163315,12.7177727532159
2025-07-28,East,Road,143.55465548141743,392.17896393153467,1.3414329295371146,3.829794917723164,5.0,0.0,0,189.04362789718797,2684.3058448407714,16.613670466554233
2025-07-28,West,Road,82.36680986287321,304.9480371343321,1.6619341859772445,2.9275361258485857,6.0,0.0,0,148.39254449276046,1799.0713323262607,13.315041136536143
2025-07-29,Central,Road,95.85653558051195,785.7538107258125,0.5156991122268149,3.900037618134889,4.0,0.0,0,258.75379350548315,2111.3780055305365,34.12641120623906
2025-07-29,Central,Sea,109.22231012174318,386.2457660912013,1.6142660763522054,8.011424815929265,9.0,0.0,0,202.41229373495048,1850.0737910283608,16.12926440440677
2025-07-29,North,Road,107.85635768652602,489.1727832991786,2.1394113481248365,5.658132001058497,6.0,0.0,0,218.63449077940376,1799.69229385188,21.53516465921752
2025-07-30,North,Road,160.61544723628887,270.75022345809964,1.5895522110922669,3.4221590360152696,4.0,0.0,0,265.1795832051168,2223.8502154287858,10.596085556178611
2025-07-31,North,Road,39.80124334315803,938.478254760696,2.524741466326956,6.824535498326803,8.0,0.0,0,221.7672674742221,871.2631314414233,37.79923428342489
2025-07-31,North,Sea,74.5632335814233,320.330237937276,2.099571232557727,9.766130204610421,11.0,0.0,0,86.05090223497638,1745.0181219048086,10.999675175920983
2025-07-31,North,Sea,48.33142448500427,66.56979119466016,0.3,6.650609115475129,7.0,0.0,0,91.98387417914802,1415.7556780766167,10.0
2025-08-01,Central,Road,177.747956497916,1087.1582045967116,2.348771946730902,7.7184312693548875,10.0,0.0,0,380.73161653031553,2191.315762705574,46.74671882969062
2025-08-01,North,Road,172.28304782038987,324.73480893226986,1.618325114847968,6.248008115183227,10.0,0.0,0,228.38021817497025,2599.2950142447967,10.032143652528784
2025-08-01,West,Road,181.1470412371695,1020.2782278896361,1.2274819486800341,5.288373401959279,7.0,0.0,0,261.6462702212016,2679.507823853514,34.495233244745286
2025-08-02,West,Road,114.90800293834205,364.93533332345567,2.4619689076957734,5.919069335210518,7.0,0.0,0,186.25442681809338,2009.0015337895402,13.318195667017223
2025-08-02,North,Road,179.87913546065428,578.5660638200234,1.8307841181175692,2.892224293164927,4.0,0.0,0,241.7303296691562,1921.09719752595,24.539528715770043
2025-08-02,South,Road,100.70621095489751,213.0055831410957,1.6276166535835876,4.084792992803678,5.0,0.0,0,216.09924499065042,2207.098301711339,10.0
2025-08-02,West,Road,111.43167305768056,373.8181417116873,1.5623379008269764,2.2121791969522304,5.0,0.0,0,142.16268840128666,1289.1784670370687,12.394608177557634
2025-08-03,South,Road,97.08329811971917,313.39151212780695,2.720261458062672,5.067211216346201,6.0,0.0,0,258.650076179973,1814.2661144466163,13.946946327258221
2025-08-03,Central,Sea,33.064242655706096,720.8710091143502,1.1921458969591503,6.514102953174149,9.0,0.0,0,87.02418502488095,916.2072904794295,26.98709783232263
2025-08-03,North,Road,88.44640398071034,96.04866714056206,1.120971599751183,5.307353615512422,5.0,0.30735361551242235,1,161.19035655684723,1555.7841402038566,10.0
2025-08-03,North,Road,112.85971384601328,487.089727135495,1.8423340795889076,6.058866501913583,7.0,0.0,0,252.07005147694576,2987.664876069468,18.076984108664167
2025-08-03,North,Road,34.089917908696016,208.08339597547675,1.6166151977502645,4.84994985844843,6.0,0.0,0,83.32662003834733,896.5094754397368,10.0
2025-08-03,East,Rail,135.15859614110312,216.32094411307946,2.671046466920288,6.2188908738236215,7.0,0.0,0,175.99437100040242,2628.143491886362,10.0
2025-08-03,North,Sea,29.201795628730952,670.8194626212329,3.144743865812559,12.51128601044471,14.0,0.0,0,132.74235882531192,631.52647827101,24.740769707755767
2025-08-03,West,Rail,169.06916456599672,419.8784505828715,0.578488622221027,3.925599740220367,5.0,0.0,0,203.06392706225094,3153.462829420532,16.594322786741223
2025-08-03,South,Road,202.86218524484613,87.3375532368968,1.5585519143385616,2.721128145355772,5.0,0.0,0,214.3381359103626,3830.95640057868,10.0
2025-08-03,Central,Road,132.56295239849152,1311.1546124161057,2.0022031752491567,6.409303999509945,7.0,0.0,0,341.992392828316,1984.7388374221332,48.65476025052264
2025-08-04,East,Road,50.82867685830401,450.069199659091,0.7864666099489159,3.7097239099983725,5.0,0.0,0,122.59418062681547,876.7369259628576,15.642979952285655
2025-08-04,North,Road,42.743654077925854,213.9200582111984,2.2770685827549353,5.626497375838295,7.0,0.0,0,65.747877374047,1010.479978455871,10.0
2025-08-04,North,Air,87.82643288461503,729.1349283689752,1.6625369820434086,5.647312123890031,9.0,0.0,0,370.67549659860083,1906.206694553452,22.19034469696997
2025-08-04,North,Road,87.20223513631413,1430.5671748799907,3.3257565813537617,9.458250176070438,10.0,0.0,0,404.559415072152,1858.5249833807784,51.30083212393552
2025-08-05,East,Road,82.86598682619582,20.0,2.2506249078136213,5.678498998393603,9.0,0.0,0,109.83829352680364,1047.0409460979458,10.0
2025-08-05,North,Sea,120.9363892429585,1064.6523760361322,0.49797980779703654,7.872922281643019,10.0,0.0,0,302.07804903958083,2090.3806881078444,36.90143510636731
2025-08-05,North,Air,40.236581401524674,651.4851365854414,0.9222419654521948,6.082787077211455,6.0,0.08278707721145473,0,339.92182286114087,938.8862471885042,28.51402583244653
2025-08-05,East,Rail,219.38579133672255,221.18455544171692,2.4542863025408836,5.206236948675841,7.0,0.0,0,247.80480861558982,2874.663573614115,10.0
2025-08-05,South,Sea,199.08126338210553,366.5555553093192,1.8489502118319112,7.507920661685128,9.0,0.0,0,181.85719390286522,4228.379776862979,13.252848361625018
2025-08-05,North,Air,192.56473013524527,589.7754842337109,1.6952957557236943,3.715280084448578,6.0,0.0,0,477.9919183681584,3853.5475614179913,23.17636916589247
2025-08-05,East,Road,102.30850379735422,1440.5730905120745,1.2558283021821577,4.089604423149451,5.0,0.0,0,374.2788437193345,1796.1792263270877,61.40655887312509
2025-08-06,Central,Road,64.79349426518802,1312.682215970457,1.47081356380563,6.000788855804464,8.0,0.0,0,265.1638847346017,1534.8371817842117,45.63302071309993
2025-08-06,North,Sea,48.11351003446792,587.2685196622851,1.367846684622804,7.6674748232538406,8.0,0.0,0,119.42345286301634,1072.578397328828,21.51792198130525
2025-08-06,East,Road,53.90440496816964,357.6579218690258,2.191935525831583,6.735640651937119,8.0,0.0,0,149.6519483161747,1125.2964511773882,15.06800270953989
2025-08-06,Central,Air,83.14130095542384,335.9229042121734,2.5899624901581455,5.306170797176071,7.0,0.0,0,350.59765824561686,1852.5369138585063,10.0
2025-08-06,West,Sea,58.59681281022363,583.7761740586388,0.4507232322345731,8.59870065717948,10.0,0.0,0,117.1770271172177,1661.8288324762113,19.382098097424723
2025-08-06,West,Road,141.45984225116047,418.7280337773104,1.1830694298252133,5.389246138462164,7.0,0.0,0,214.71600595025916,1791.8069347962232,13.096996822140405
2025-08-07,East,Sea,106.03193448411481,440.9112523539179,1.4487456810936965,8.035243762266052,11.0,0.0,0,149.90445516171278,1784.748049480142,19.747992689369763
2025-08-08,South,Rail,125.91126901347735,555.5058718629542,2.2435782750837343,7.40837338173866,7.0,0.40837338173866033,1,266.4696933478687,2140.842946089612,18.735053595045375
2025-08-08,South,Road,111.76496491081093,351.29986220374747,2.9279041372944254,3.7592149946511664,6.0,0.0,0,149.6106084615125,1514.2846381142356,13.043508735768743
2025-08-08,South,Air,70.1107508193794,1347.1485045421286,2.905667387998064,6.5226633179498315,8.0,0.0,0,474.3897962192624,1296.667997744833,46.825649338772934
2025-08-08,West,Road,104.67673393094648,573.89001786528,2.5336347574076044,3.2750180980611505,5.0,0.0,0,289.14467445598456,1176.1837052894691,19.624427907920964
2025-08-08,West,Rail,90.8841035709885,286.73281852361754,1.1796745933169042,5.081855557286284,7.0,0.0,0,149.49924119040463,1240.2307948209625,11.337076978205438
2025-08-08,North,Road,64.62790848417762,1194.9310124778876,2.1409034220547234,7.4135763880624355,9.0,0.0,0,368.5369508487282,1260.590622777874,31.224692606256788
2025-08-08,South,Rail,226.1014814468467,674.854334679493,2.161079827653645,6.896030129577796,10.0,0.0,0,367.36422045203227,1755.2293041835487,22.59104237156454
2025-08-09,West,Sea,181.0947954540529,761.5935425433839,2.2352769447621004,8.526704615329908,8.0,0.5267046153299084,1,278.39427968414043,2071.375886982207,24.475410168648562
2025-08-10,West,Air,127.59302088211592,761.3669552037765,2.856319425157337,7.1684224167491,7.0,0.16842241674909975,0,483.61536614774315,2494.059910255422,22.13183343849052
2025-08-10,Central,Rail,100.34646081623856,536.9366287875271,2.6540226517123857,7.047600680686027,8.0,0.0,0,220.91642078715512,2146.92837475621,17.821534966258643
2025-08-10,East,Road,95.05897319442418,721.5367190596128,2.0609185285263156,5.5951414698431385,7.0,0.0,0,223.63684050779588,1644.157953632259,23.235056582209545
2025-08-10,Central,Road,151.27272844803602,771.69763039527,2.6262639631558047,4.634746335098515,7.0,0.0,0,299.1857978366386,2247.7783004887033,21.88463799038688
2025-08-10,North,Road,40.03263028871992,522.043883886693,3.720318622349936,6.106554333801284,8.0,0.0,0,215.9611808119914,795.6229532206487,23.431058855351054
2025-08-11,West,Rail,130.16685753859824,561.0916129046975,1.1025753842033414,4.91080320694409,7.0,0.0,0,275.9051600131584,1494.4374941234832,18.108312889226877
2025-08-11,West,Road,50.30605319052926,537.9958895390728,3.1753154674709494,5.681753429742391,7.0,0.0,0,213.2477460497891,1166.2359448899426,13.605794250576807
2025-08-11,West,Rail,122.50576362451429,378.71705500921934,1.4744486629491325,7.396305840415162,11.0,0.0,0,248.73755459924914,2408.0349714646586,14.759193892455182
2025-08-11,West,Road,78.3422205514958,224.25903840022278,1.5960662245067274,3.4550888459842453,4.0,0.0,0,108.82467002822847,956.7007014048477,10.0
2025-08-11,South,Sea,95.31210349494319,1597.920020587258,2.1252012580484747,10.0257370391725,12.0,0.0,0,370.40317243306,1891.5056106229893,44.8193872468871
2025-08-11,East,Rail,18.07337385316142,2500.0,1.8021199152004441,10.52624386610854,13.0,0.0,0,497.90928506185514,691.646775992127,83.45340499215351
2025-08-11,West,Road,122.87875326017365,480.6213227644663,2.0589195531908984,3.8706277995272,4.0,0.0,0,212.2435466215833,1995.436613535273,15.788484377672479
2025-08-12,Central,Road,32.557404580430074,1073.72679515177,1.471102261851772,5.690528198203308,8.0,0.0,0,180.25622826076892,954.7474376449836,29.67613807999174
2025-08-12,West,Air,44.12754897168379,564.6903382651736,1.9270511933347396,3.84808053339629,6.0,0.0,0,389.2156554209449,866.1031821458502,17.921340133021296
2025-08-12,West,Road,180.67723965739384,452.4645770829609,1.1127345250070226,3.4967243425685868,6.0,0.0,0,214.46985438197837,2003.534646071972,20.21599051122492
2025-08-12,West,Road,40.509968587097966,451.3761228884378,2.1804409077789453,5.749021943428099,6.0,0.0,0,93.94830010022629,1570.3081858682801,14.5442908975608
2025-08-12,Central,Air,32.568736771433436,322.74326329005527,1.106762331487143,2.3139771804982736,3.0,0.0,0,324.24311823012874,687.7999771319895,10.0
2025-08-12,South,Road,124.40507304882833,632.0543925000294,2.896413468515724,5.0701302065700995,7.0,0.0,0,241.870670006534,1380.2148779552037,23.20965428403039
2025-08-13,West,Road,184.51202253882266,1174.1400589377424,2.1301956985775656,5.2146356770864095,8.0,0.0,0,335.95156321406307,3928.6409861752218,43.253856292717224
2025-08-13,North,Road,216.0845353320273,615.8949111306134,1.388906862775622,4.789144562134909,7.0,0.0,0,368.85450414407927,2620.1722637338735,27.037204600390282
2025-08-13,Central,Sea,231.2990900201373,428.3378659686843,1.9398278606452164,8.679823568364053,11.0,0.0,0,261.97812637108456,2911.904829477229,12.947700043670725
2025-08-13,Central,Road,105.13879220929915,570.0641135237273,1.9541485938440697,4.801390537646937,6.0,0.0,0,180.4867826076371,1302.3489171279334,18.90840154118571
2025-08-13,East,Rail,103.98743380725858,291.2231203741896,1.3594183857897155,4.857978798241718,6.0,0.0,0,183.2195375211823,1678.965036653181,10.0
2025-08-14,North,Air,140.31266539792873,346.8407317638944,2.3893573842330253,5.1689059470947445,6.0,0.0,0,395.24531159660717,2668.244254287538,10.940034934499371
2025-08-14,North,Road,148.42137798804612,307.9710611987584,1.953739833650543,4.8229176669029705,6.0,0.0,0,192.87313672072366,2437.3256560733794,11.140526467679493
2025-08-14,South,Sea,142.84702599280365,261.3116273406332,1.1761365763744056,8.476897647956731,11.0,0.0,0,216.1603471261236,1999.3460740927103,10.0
2025-08-14,West,Road,155.15826320727254,727.3230147640189,1.6953590241681034,4.327817721795526,7.0,0.0,0,297.5676809039487,1951.2418382773567,21.14741930052074
2025-08-15,North,Road,30.782019172836286,124.03035599879325,2.527133048431368,3.6508930908722457,7.0,0.0,0,156.67124556568996,840.0824917840428,10.0
2025-08-15,South,Road,60.129381595138355,1123.6587795003395,1.1684836187313987,6.402489515787643,6.0,0.4024895157876429,1,306.3687581949769,1094.7122750762146,37.58881056415588
2025-08-15,West,Road,137.17561296897486,870.8445826963305,2.297976732950997,4.3969792821422935,6.0,0.0,0,281.25569034478923,2678.180065618876,35.52156202209331
2025-08-15,West,Road,34.81018709293239,896.636565008102,1.9482545137862992,4.636085884061604,9.0,0.0,0,203.77137245635743,999.0957611008569,24.683783770563473
2025-08-15,West,Rail,107.12190793860026,1012.731671914418,0.8202336314031589,5.8806227529686,6.0,0.0,0,374.23900444419615,2006.0271238963976,30.941328076306203
2025-08-15,South,Road,106.52927076810819,170.53265664246968,0.557624155409957,2.844629877649508,5.0,0.0,0,141.79298537175714,1712.2742046687854,10.0
2025-08-15,South,Air,40.35345072253669,457.26011628463385,0.7404125270378747,2.2082640959062823,2.0,0.20826409590628225,1,311.8374681407939,754.9783542139438,11.562345923598564
2025-08-15,Central,Air,109.24945932986907,470.05701215232455,1.1168619893046188,5.33802396652367,4.0,1.3380239665236697,1,367.13350039436796,1743.5584043405247,16.022053063230505
2025-08-16,South,Rail,132.32686427738852,205.28975676395638,1.9866762502727844,4.538498220324671,8.0,0.0,0,211.10182963323524,2433.0166980306576,10.0
2025-08-16,Central,Sea,86.83908554807935,66.72940512966345,2.0553354004519333,8.238600418639773,9.0,0.0,0,104.05021471210375,1418.71595831177,10.0
2025-08-16,East,Road,41.87466603126587,577.7069702063259,1.4466660230261632,5.198217249683351,5.0,0.19821724968335097,0,170.73508551102958,1199.8925716825934,14.538478962454532
2025-08-17,East,Road,105.21900723023073,205.3506776302339,1.8820497628580144,2.965198480014469,4.0,0.0,0,124.3422555120415,1280.922326698123,10.0
2025-08-17,East,Road,174.25368351897023,1079.9070001052041,0.5453669152286358,5.156482433828327,5.0,0.1564824338283266,0,330.5102912939974,2882.696354679575,47.18262595530146
2025-08-17,North,Road,28.47519136443529,622.8272591766053,1.590106775815134,3.27631346035324,5.0,0.0,0,164.75067549964757,926.8949785859872,18.84381359030138
2025-08-17,North,Road,67.59172248569573,424.68940772852505,1.294188005181525,3.0367107960355995,5.0,0.0,0,109.78314386955108,1424.1941727470225,14.521747151543734
2025-08-17,East,Road,117.36785959863558,535.9775278872203,0.8207904787120202,4.670952973834016,6.0,0.0,0,263.4803057557343,2532.06502578274,20.681415043091192
2025-08-17,East,Road,156.9402118691042,490.1774088728783,1.6017991924335953,6.541167290946624,6.0,0.5411672909466239,1,204.5799543524722,1914.0265500835076,16.67313564194402
2025-08-17,Central,Road,133.9973526684446,133.50577366183822,1.9397315591002917,5.432641440395169,8.0,0.0,0,141.50270080318444,2655.6227224972613,10.0
2025-08-17,South,Sea,138.17300781503698,740.5300863639463,2.855583176501151,10.074326092851814,11.0,0.0,0,204.43542213229324,2030.5152154558727,31.320358172624044
2025-08-18,South,Road,227.63416178140446,77.16248472291608,2.894316210526884,4.993263685008271,6.0,0.0,0,204.5183630461924,3298.064149358213,10.0
2025-08-18,East,Road,160.06678595375743,383.46892841745034,2.396875052061826,5.985709114324477,9.0,0.0,0,270.80111617545344,2552.877781602393,14.64598249809828
2025-08-19,Central,Road,106.60933239013438,662.4637378401144,0.6524673929216322,4.1004579643998085,7.0,0.0,0,229.39040129241687,2218.4575992984946,19.88240648605669
2025-08-19,West,Air,110.04584275981809,1695.8372933825199,1.5980577190192804,5.055334153261887,6.0,0.0,0,606.9393844610738,1646.1328833887283,73.61155920825033
2025-08-19,East,Road,82.41728101310363,523.9592194422905,2.8855277025483206,4.361268391410091,5.0,0.0,0,191.18339834974495,1342.828963304644,22.510900705004666
2025-08-19,North,Road,81.5326527040234,295.6624531413694,2.064531428081714,3.6869606809285163,4.0,0.0,0,144.64462480453543,1473.5789920950158,11.065789116476923
2025-08-19,East,Road,174.40271105675166,476.18589790082467,1.586027106367106,3.5089821139163186,3.0,0.5089821139163186,1,229.8136706254271,3018.799129967725,17.1057969874355
2025-08-19,Central,Air,54.00712731627752,1363.6501746621,2.417001131400969,7.595652391313554,8.0,0.0,0,530.195832022624,1124.47824943853,35.97062873545633
2025-08-20,North,Sea,103.05040262265685,1461.3812866699277,0.4562809918485662,9.121805551987906,10.0,0.0,0,271.02365896344213,1606.4594854229936,59.7529875661038
2025-08-21,South,Road,234.19665059422616,735.5981175742344,1.300529878995067,3.332839593533124,5.0,0.0,0,332.1448265207211,2188.2614860093445,31.005277598098026
2025-08-21,North,Air,113.01878157076011,871.4113189327094,0.5357554883071594,4.167357464187403,6.0,0.0,0,457.2048546599502,1651.1401479737735,25.098193475200414
2025-08-21,East,Air,95.17520785785099,979.9570263788415,2.3217228209437586,5.467042764114843,10.0,0.0,0,415.6233300277634,1157.0801789729392,33.03758562315201
2025-08-21,South,Road,183.99038942585094,658.7146298719117,2.584179402916212,7.509427641097227,9.0,0.0,0,256.27886457691625,2960.220180918402,20.947443195377954
2025-08-21,Central,Air,109.56142615990903,605.3347514338651,1.8754380540470144,1.083618272936897,3.0,0.0,0,352.17234349966145,1267.1985178981386,26.77748520366197
2025-08-21,South,Road,67.28099747715618,191.49788976409212,1.894998576031779,4.324863532596549,5.0,0.0,0,140.09560985886628,804.925803571809,10.0
2025-08-21,West,Road,103.93713637687209,1019.4835502707821,1.5878375954877528,3.103119355547643,4.0,0.0,0,311.63110939866357,1356.5419696158924,35.53477066870789
2025-08-21,West,Air,189.88798997943644,102.53358766712367,2.6457924798296846,5.0114633745612585,8.0,0.0,0,350.4325756209404,1995.756472016883,10.0
2025-08-22,North,Road,139.46671320506914,1157.988704522575,1.3153991703909693,7.568907288895825,9.0,0.0,0,340.63881573384407,2086.8858870605814,49.73696761901281
2025-08-22,South,Rail,123.50547702973101,1654.6418840051929,2.285198592215459,9.766236388025337,11.0,0.0,0,432.8641397026836,2332.170861734237,65.66155437370362
2025-08-23,South,Road,95.79568894974052,202.22650720414532,1.0009525141423583,2.494724219718787,4.0,0.0,0,144.44856190677672,1533.4651419355928,10.0
2025-08-23,East,Road,293.5955113467649,370.0040685624395,2.363823173409,5.34181228757263,5.0,0.3418122875726297,1,298.6896831056302,5529.529777316717,11.43317945237478
2025-08-23,Central,Rail,101.6242872406083,508.1122061720825,2.28271279454399,6.387125830349204,7.0,0.0,0,213.49877750938015,2187.1739581077013,20.787858978843936
2025-08-24,East,Road,23.817920812579487,852.5837056321474,2.024161310592502,5.27635519363088,6.0,0.0,0,188.11497482793808,860.1880044905301,30.831798662929423
2025-08-24,North,Sea,124.31705915135512,1490.719653392075,0.56380391319235,9.027295980916374,9.0,0.027295980916374418,0,374.0081599336814,1351.4344355476096,63.469659270961316
2025-08-24,Central,Road,119.92883198641623,373.2765916388585,1.4149852572964954,2.8637914838933014,5.0,0.0,0,212.46993226913906,2372.056728366487,10.363318252531853
2025-08-24,East,Air,52.06524409417653,308.17121505991224,0.7080947401873998,3.4136077602015624,5.0,0.0,0,286.7879749747843,820.3845396539946,10.0
2025-08-25,Central,Air,46.995814163465155,693.4993477558924,1.2428913663257473,5.209663441789746,7.0,0.0,0,307.75188850350827,717.5513656340463,20.44009080387538
2025-08-25,East,Sea,49.2006167924925,674.0180961366445,1.2836471810669106,5.440331115871096,8.0,0.0,0,173.3792598467605,1185.6391241111337,26.011711648049324
2025-08-25,Central,Road,52.155347291088525,836.1396958678126,0.8580796074619256,3.8303948912534165,5.0,0.0,0,227.486950123163,1122.5863040391782,36.743787713317886
2025-08-25,Central,Sea,52.821269188769875,417.12440272250694,0.3,7.135300644244708,10.0,0.0,0,115.31176848113117,990.2283319697772,16.959456057961876
2025-08-25,East,Sea,188.93773807831036,752.8124573865374,1.9301375780165753,7.6368570430115135,8.0,0.0,0,233.03656551190304,3705.5335183550515,21.015332415702378
2025-08-25,East,Road,80.10493444146549,344.2303901663421,1.6739467539597428,3.3279786631077677,4.0,0.0,0,228.86095360276295,1395.400987851625,11.749388945434234
2025-08-26,South,Road,174.1130376237725,1137.4093912901703,1.0063663797460025,7.211288668905901,7.0,0.21128866890590103,1,444.3083804240814,2937.741111416082,37.830853094797334
2025-08-26,North,Road,66.60985778731933,371.6820848575174,0.8348200371347593,4.754874677951337,7.0,0.0,0,115.74470969997748,1401.726788141818,10.842660122830312
2025-08-26,West,Road,130.0576914090987,919.9282032249746,1.4927013927923998,7.621924310647492,8.0,0.0,0,321.83119638518036,1669.2453119925954,33.9939844819325
2025-08-27,East,Road,156.50332021436662,1391.858514832689,2.6924856089947133,8.183904301049086,8.0,0.18390430104908617,0,350.4335332345072,2960.890147252389,48.238794566129
2025-08-27,East,Road,205.7962139280594,1648.821619133034,2.5686446929107003,6.594117427431982,7.0,0.0,0,472.4148608497506,4041.6344352014694,64.64311620543081
2025-08-27,West,Road,128.51879997177596,636.5947866687748,0.9177888711779602,3.8495196136816987,7.0,0.0,0,195.88216085110906,2777.9447286217583,20.413832351760117
2025-08-27,North,Sea,71.44482859231809,934.7736471137205,3.7769976359289847,11.841362626405305,14.0,0.0,0,259.99451810818914,1689.044549447186,34.34151453188143
2025-08-27,East,Road,67.33490604104202,327.59927433876095,0.9166550858089879,2.7656260297122346,3.0,0.0,0,76.99622948595999,1928.2369440565392,11.841313784952389
2025-08-27,North,Road,136.14899538814086,742.5241210672543,2.551864177751353,6.374044432814038,5.0,1.3740444328140384,1,224.46209066205282,2640.071215642473,29.21901869564023
2025-08-27,South,Air,52.814348360853586,736.5814459042042,2.8698663040915386,3.7307409932007967,4.0,0.0,0,376.23299647608394,882.70114089472,25.331068809682716
2025-08-28,South,Road,112.42059582922613,326.1056240051598,1.5401847826065431,2.1890140748716953,4.0,0.0,0,143.52078644429253,1637.4388734693734,12.013859459011025
2025-08-28,West,Sea,263.23735997160173,1050.3196443288202,0.3,10.571165097456836,11.0,0.0,0,437.2174075855846,3967.6962743371882,39.87307717467158
2025-08-28,North,Road,111.35888073946731,352.3920778228382,2.1472413091288782,3.7046959854559587,6.0,0.0,0,208.59583150246965,1767.5166919048338,15.641065110074035
2025-08-29,North,Rail,10.989540291704692,568.867473892081,2.8707282529729454,8.451045904667208,10.0,0.0,0,120.2048220838488,1020.4366546627466,19.513393987672355
2025-08-30,East,Road,52.503378161135316,361.1547220710816,1.9315213969250493,5.928261519679798,8.0,0.0,0,110.46244727940042,968.4118959884848,14.09550142129374
2025-08-30,Central,Air,43.54186831524921,754.137970632963,1.9768714962869625,4.223532625838762,7.0,0.0,0,383.84581955115056,1005.1591795337889,33.13439232822304
2025-08-30,East,Road,181.0488151610663,1175.4384396100284,2.2469079064838557,5.987031984554767,6.0,0.0,0,361.6995816209469,2235.104132521011,43.812760551552024
2025-08-30,West,Road,98.97521255038612,555.6159176800313,2.492209034818765,5.126540811489271,6.0,0.0,0,189.69644068107968,2034.443408701088,24.96269563552801
2025-08-31,North,Sea,110.84956637209942,212.42822544516198,1.039835359709694,5.697708261038374,7.0,0.0,0,173.38098612171189,1855.8073037473225,10.0
2025-08-31,Central,Road,85.56188594457112,1777.0814236133347,0.42711422978309943,3.929323512788361,4.0,0.0,0,417.7325614880308,1228.5483750757599,55.561542881800115
2025-08-31,North,Road,41.80231989594301,1088.518626311793,1.5732127316334135,5.314408835197294,7.0,0.0,0,280.3711268445449,1385.7323664903265,28.56981506258099
2025-09-01,North,Road,145.1695637389892,1724.5459472781497,0.4239880404805201,7.360726527706434,8.0,0.0,0,413.6616098971,3140.9386349634933,46.339090506143904
2025-09-01,Central,Sea,230.81270032633626,327.14485663110673,3.2804932676164786,8.907578799293063,10.0,0.0,0,312.444526865459,2426.516313511638,13.99936374631535
2025-09-01,Central,Road,46.37297497990931,1006.4456216573359,1.1154119357855774,5.793968753304907,6.0,0.0,0,236.76171895857013,698.1478972923431,28.424943119730866
2025-09-03,East,Road,60.8907679445151,450.99847314989785,1.6386736698402589,4.062782469220116,6.0,0.0,0,201.20091128457923,1135.5320268543815,14.805287915628805
2025-09-03,South,Rail,133.10833838661384,450.27546667394995,2.6852199400151324,5.837844670474461,7.0,0.0,0,216.59123554343503,2867.4394774264138,15.590799581994677
2025-09-03,North,Sea,126.74385583923876,444.08963623175595,0.3,7.008514109490267,9.0,0.0,0,245.03770597899975,2622.061222262562,12.240966242796771
2025-09-03,Central,Road,99.89813233665252,561.8306969008822,1.5402595974081326,2.508310107652737,6.0,0.0,0,207.4065843649216,2164.3850305051983,23.93439634405527
2025-09-04,South,Air,64.0885917745761,876.2811852412933,2.0060750884990837,7.0896301728701685,8.0,0.0,0,414.6327384006316,901.2748801033724,39.08109378574636
2025-09-04,South,Road,45.86673799542827,336.453522745992,3.0649622119357476,5.439243294007866,8.0,0.0,0,145.46692305076485,1281.1407005377116,10.0
2025-09-04,West,Air,12.296864146624467,106.8180626865087,0.8122867813143284,1.0,2.0,0.0,0,302.5868097633121,727.2899764524694,10.0
2025-09-04,East,Road,243.9350061446599,252.14915303111977,2.2794206361770066,5.158823495080165,7.0,0.0,0,267.4945176072095,2871.332659905411,11.219053099563151
2025-09-04,Central,Sea,91.18431852750685,720.9081206427903,0.9371989283375101,9.206007637796825,10.0,0.0,0,240.7924559203043,1989.8585760642022,28.431889652862306
2025-09-04,West,Sea,54.79320954132004,632.0280602664537,1.3117952797084187,10.364123051528743,11.0,0.0,0,209.27427749629283,1011.5712357250854,24.491621532422887
2025-09-04,North,Air,108.776120457958,242.65935063624255,2.791520906737041,4.720972001422918,6.0,0.0,0,276.44565719097386,2686.142747552891,10.0
2025-09-04,North,Rail,148.10701156780758,307.87651978850346,2.0952425362041347,4.706017322469567,6.0,0.0,0,172.85052226706236,2619.9949794335107,12.043625217646042
2025-09-06,Central,Road,66.73303744327144,274.2156060952567,1.2441583187690863,2.989535707013992,6.0,0.0,0,102.81186458369685,1346.6452388556722,10.0
2025-09-06,West,Road,71.40841796793777,272.9407434804304,1.9576946680981604,4.146494796607632,6.0,0.0,0,125.2681633745827,1137.1097671561085,10.0
2025-09-06,Central,Rail,103.94669118144527,131.54655441227004,1.300436712992089,4.61489072088435,8.0,0.0,0,145.19020908063058,2232.993706162125,10.0
2025-09-06,South,Air,125.8046589972313,179.19614830240965,1.0706132578906715,4.630678326437777,6.0,0.0,0,355.60718954910686,1836.088154825355,10.0
2025-09-06,East,Sea,56.57681537186034,108.1355178339277,2.9494072964302345,9.620579082532121,12.0,0.0,0,69.37040521054476,1013.3799079005948,10.0
2025-09-07,Central,Road,88.91354961208937,908.0704510333658,2.6971312232775375,5.332052703915864,7.0,0.0,0,256.1282803946325,2034.8292345188775,35.26406996886187
2025-09-07,West,Road,98.5237843003283,405.6931071512507,2.0851039941438585,8.092594073175691,8.0,0.09259407317569135,0,153.44636232397562,1365.2096790239839,14.589443160035419
2025-09-07,South,Air,122.58671869341275,616.6309979068151,1.3177594357087787,3.630882224662238,4.0,0.0,0,439.2919499623216,2729.517082955278,15.665774082996585
2025-09-07,Central,Road,167.31529517113515,139.287365275781,2.052687189246834,1.9755974663360307,4.0,0.0,0,212.0557344256619,3266.465530000971,10.0
2025-09-07,North,Sea,124.55131465092484,332.0893089879027,2.2300752130161925,8.566206126421298,9.0,0.0,0,143.14932352026622,1393.9772756450407,13.288611883073216
2025-09-08,West,Road,238.0754810224254,614.20165150183,1.1531430086943213,3.9207509133286647,6.0,0.0,0,323.5609473260834,2567.281676262623,19.46768077117515
2025-09-08,West,Rail,146.78850772644032,531.1257602489037,0.7082304485061532,3.323328415643731,6.0,0.0,0,264.3068856361866,1482.8938450188411,22.50426763159674
2025-09-08,Central,Rail,67.2832233782026,634.6115507806492,2.6863219986200786,6.023748442364397,6.0,0.023748442364396993,0,255.01184328152635,1558.9713223021522,16.06506413347712
2025-09-08,South,Air,233.4638194823118,570.6431502120614,3.1513667961809704,6.146463512938279,6.0,0.1464635129382792,0,508.871559342685,2878.5037594968817,23.338570275184125
2025-09-09,West,Sea,132.74494768137976,494.22600401012636,1.3523934248360205,7.622387908893287,9.0,0.0,0,250.9555046458653,1970.0366176264067,16.694261941401134
2025-09-09,East,Road,135.79385595277017,203.99178260917802,2.490570098004202,6.766530186408529,8.0,0.0,0,110.10091743061241,2614.476523672906,10.0
2025-09-09,North,Road,85.32150762420022,278.67135613226293,1.7583244287012105,2.461854159980896,2.0,0.46185415998089585,1,130.9726692785805,1984.7362827678644,10.446069551022035
2025-09-09,Central,Sea,216.22361483499338,245.34439876799522,2.68094213596965,7.402071669339449,8.0,0.0,0,199.27293102664316,3478.6628883531293,10.8505744957656
2025-09-09,South,Sea,38.37675604727764,1256.105872292748,2.5369776003188673,10.41656437159567,11.0,0.0,0,255.77191217452886,842.9258527770664,42.04492637695074
2025-09-09,North,Air,134.34109414123822,1397.3016498144352,1.3228475187742466,6.130019043848556,9.0,0.0,0,505.3881204954521,1912.8835908869114,38.20189833991849
2025-09-09,South,Road,72.4196258393906,774.0401616418907,3.034861775086066,6.032535042501898,8.0,0.0,0,213.00359865652047,1460.9277456226707,31.693843166971558
2025-09-10,South,Road,105.46261445968575,824.2835659641875,2.7721868391875466,3.7501580219973696,5.0,0.0,0,229.79883987247172,2143.1612417034567,33.76518566264417
2025-09-10,Central,Road,176.83860010597616,335.541527611813,2.6994507530448058,6.305061862266769,7.0,0.0,0,209.16460552924917,2383.553259720311,13.103574224258798
2025-09-10,North,Road,76.2886290088117,274.3415401882225,1.046066870706678,3.5204769550222816,4.0,0.0,0,179.16497649082942,1455.949960881162,10.0
2025-09-10,East,Air,113.09783610426746,1419.5536804015965,2.2653360583110347,7.702654222798312,8.0,0.0,0,566.113087730565,2255.0181878078447,43.249086580484665
2025-09-10,Central,Sea,283.43423677076925,650.9771313737695,1.67430936406488,8.514914948931981,8.0,0.5149149489319811,1,348.33495522968184,2855.33742263776,26.046416541026858
2025-09-10,North,Road,124.32691894699332,681.4650832553647,2.009484451422936,5.505840103592265,7.0,0.0,0,278.19885171630284,1611.2229335245697,18.12365986291656
2025-09-11,South,Road,146.32342107300994,666.5697832471318,1.392798590535592,4.963595367038189,5.0,0.0,0,240.85361098952504,2053.581402521465,17.416326024219757
2025-09-11,North,Air,114.19326039439284,838.8792427410789,1.278195389558964,4.532781888902397,7.0,0.0,0,449.9727631637923,2339.0127105849506,23.43033044333118
2025-09-11,Central,Road,80.11060505259243,262.8149956150025,1.94193399077156,5.037107756128564,5.0,0.037107756128563985,0,123.67333488314885,1415.4066037354637,10.0
2025-09-11,North,Rail,77.25758792345299,1465.4725017140684,1.4926534376385767,8.219645558805617,9.0,0.0,0,365.57627445379785,1150.385304192916,63.140786541954924
2025-09-11,Central,Sea,105.39629076571794,279.9003322803418,1.491773399762885,6.405073763039116,8.0,0.0,0,190.9756826083425,1707.1667499553512,11.93316997888872
2025-09-12,South,Road,124.84134293651411,614.2494075381835,1.8534124317850509,5.632238315634364,9.0,0.0,0,215.870370691649,1387.3172064218945,27.610402280309913
2025-09-12,South,Rail,164.91756749238957,579.0400041174332,3.2114890529839757,6.479629233331608,7.0,0.0,0,281.1261246203816,3011.2771049337516,17.115184507661642
2025-09-12,North,Road,190.7277128776148,170.44603414681873,1.139350735805035,4.218281861767674,5.0,0.0,0,208.67419205821608,3299.431649578802,10.0
2025-09-12,North,Rail,52.846102949454156,1143.4979346934779,2.568627193051033,8.63216584628329,10.0,0.0,0,302.5241124298709,745.8173345832254,35.86641455247947
2025-09-13,North,Air,143.7660254934966,113.20807423547274,1.8343206669886194,1.0,4.0,0.0,0,289.59868120635014,1439.5360399617268,10.0
2025-09-13,North,Road,152.3025425363801,781.5305366636725,1.0396657773765674,2.260317145305518,3.0,0.0,0,286.2724407026464,1990.2789204080373,21.610008728791946
2025-09-13,South,Road,163.22609223425343,757.1924946258596,2.1213851243333117,7.020505926148673,8.0,0.0,0,296.44083939150767,3314.414219533349,28.962422046892062
2025-09-14,Central,Road,67.63060376107308,106.86921357929307,2.5619907683877035,2.3448315043333174,4.0,0.0,0,104.20491700754427,1112.054455735991,10.0
2025-09-14,North,Rail,79.94029902203994,449.4590950116001,1.9205231413912844,4.646280836732454,5.0,0.0,0,235.42604135650905,1609.24323824981,16.4157444138681
2025-09-14,East,Road,138.652930719297,332.5729269127896,2.0703028488878297,1.8501785517100355,4.0,0.0,0,234.87658368354818,1816.7379920606932,14.492139445318742
2025-09-14,Central,Road,60.51770675926894,268.0219481701625,2.0881765761407207,4.424351396723934,7.0,0.0,0,124.49405610313785,880.2369291153204,11.67892222702181
2025-09-14,North,Air,77.98965964586958,830.993854578801,2.2139525261810284,6.326122492782883,8.0,0.0,0,382.6988174194174,1019.8130127736895,26.903339357972623
2025-09-14,South,Road,18.008553477081875,547.3750422526052,0.6831959473276483,2.856423506281459,3.0,0.0,0,126.15556617761654,1015.0408557954294,16.325031925545684
2025-09-15,Central,Road,220.98920488094865,239.3004588385739,2.7437980851323553,5.0946400393649744,6.0,0.0,0,248.56255144106396,2229.9897780680667,10.0
2025-09-15,East,Rail,108.9505644876167,1417.6594940946877,0.800957494008254,9.665008924354074,13.0,0.0,0,387.70312734107455,2565.0441380397915,41.52381003963784
2025-09-16,South,Rail,117.55271900802926,309.1243408685283,2.027252165651618,6.669266468399625,7.0,0.0,0,205.2649346446783,1963.3833500827798,11.072410888383043
2025-09-16,South,Sea,193.0046659411527,319.003041314717,2.3633461162667864,5.706339105614674,7.0,0.0,0,185.20834486495517,2985.349260002204,10.0
2025-09-16,West,Road,62.789092071495446,1484.883732543944,0.7005803555562162,5.33735511173988,6.0,0.0,0,316.9931795235434,1490.227682915775,59.886067043359944
2025-09-16,West,Road,151.14192051803394,987.1465953316318,0.9034467340930016,5.993223200031541,8.0,0.0,0,360.3579291116795,1652.3027439585662,40.47807801062651
2025-09-16,North,Road,81.53588548648531,801.6257314493724,0.8673185423743714,6.272579084939341,8.0,0.0,0,217.63976889774273,1614.6937302735987,23.62172797413191
2025-09-16,East,Road,164.81486616637204,483.9787089446991,2.325113352449718,4.65174263415878,5.0,0.0,0,209.00976055917505,2158.653015762068,17.87602684610141
2025-09-17,Central,Road,91.54348037208158,385.2746783888405,1.592790243929958,4.485724008111052,7.0,0.0,0,164.0437166242291,1581.686491008365,12.35904297910322
2025-09-17,South,Road,152.17113445323554,441.44236671971163,1.703230486248071,4.823501475253117,5.0,0.0,0,165.94610363223174,2887.01564657007,17.641092965490976
2025-09-18,Central,Rail,22.883169800570847,271.93049885645866,2.92180900299842,6.604933754427788,8.0,0.0,0,83.859746612713,476.86242734961894,10.0
2025-09-18,North,Road,134.81510566951263,725.2431467213703,1.3776776423686838,5.193591657613814,7.0,0.0,0,284.4089107402587,1722.1489468336274,19.80576361255277
2025-09-18,West,Road,105.406199090925,223.15155211587802,0.3,1.7770589365823117,5.0,0.0,0,172.6399993012608,1142.313658080924,10.0
2025-09-18,East,Air,60.41894715050485,453.52638064728677,2.799565679670292,5.425961587647778,8.0,0.0,0,323.6670303879828,928.704495218579,13.581647099451953
2025-09-19,North,Road,135.77117012908892,1075.592442863707,1.0386334094680425,5.716085984509526,8.0,0.0,0,309.6471137084428,2078.9515777175657,41.30266103795187
2025-09-19,West,Road,201.45262262056377,759.5344768711733,2.7425898675348757,7.761105144787475,8.0,0.0,0,272.06183531024806,3118.3074897974125,27.769979852779922
2025-09-20,Central,Road,82.6825922903401,277.6461456701205,1.5018121700542244,1.994340443472951,2.0,0.0,0,140.90941839130477,1504.4260737605648,10.0
2025-09-20,West,Air,201.73650459515855,627.4833533528003,0.9523948832398407,4.357065786743135,7.0,0.0,0,499.6691988522503,3892.488579278366,17.741664892702385
2025-09-21,North,Sea,171.9789230635093,109.23078071250278,2.690629222217431,8.618259542124392,11.0,0.0,0,129.82510668370634,3499.4093657336743,10.0
2025-09-21,East,Road,180.34176765380147,806.1529137316219,1.761309890732394,5.578762953202203,7.0,0.0,0,353.3358845888821,3182.47755353113,23.442319171088865
2025-09-21,West,Road,68.00089096245974,567.9067369801012,1.8308373871113355,7.484578488996187,9.0,0.0,0,235.36855054857327,1388.3950145812069,22.83849649773969
2025-09-21,North,Road,28.255719095663448,217.92010187815185,1.9856752677779537,4.874790049644302,6.0,0.0,0,89.71124588118097,865.8467317689764,10.0
2025-09-21,Central,Sea,95.63438532387465,121.029522177834,1.5515793954861812,7.61949113692347,10.0,0.0,0,156.83414007518837,2102.528441819529,10.0
2025-09-21,East,Rail,154.45824832961264,704.948681390151,0.6471186389340224,6.668414745071606,7.0,0.0,0,318.2281054482567,2780.8723756611753,25.807182374703956
2025-09-21,South,Rail,90.28755826669666,210.25165094064923,1.0836384087935627,7.829890521895779,9.0,0.0,0,129.72612059051497,1435.2256616997477,10.0
2025-09-21,East,Rail,192.21069684560285,293.83365123908936,0.482742747441548,3.791178464570685,4.0,0.0,0,259.66563773637,2359.4830982071694,11.854943122539966
2025-09-21,North,Rail,212.2020136978243,749.5357338841178,2.3642724663668684,7.496541307739644,9.0,0.0,0,297.03245562053235,3838.949511839979,22.835613853803807
2025-09-22,North,Road,148.5628913971089,552.7883299707435,0.6837139857340742,3.9713263184448717,4.0,0.0,0,211.70511886015868,3145.284557378783,22.16893760937554
2025-09-22,Central,Sea,100.59078993082042,995.0481615084709,1.3632086855463916,9.327169209719703,11.0,0.0,0,251.3789189580284,2159.7755943490083,31.178747856002097
2025-09-22,East,Road,210.0584280008211,1112.395030749001,2.1130561375481807,7.286120857449858,9.0,0.0,0,448.6034676519735,3743.304283826872,30.41413623411064
2025-09-23,Central,Rail,122.6685274687123,714.7641348426579,2.4024079368513167,8.67073183247624,12.0,0.0,0,259.9871158707005,1822.060257730464,18.868849175536294
2025-09-23,Central,Air,271.66575179138334,259.59166116006804,0.665439290202976,2.2165267568747873,5.0,0.0,0,471.0275690424551,2887.750916478768,10.0
2025-09-24,South,Road,63.45435052300509,852.1430860748804,2.290603239188318,5.458339379151657,5.0,0.45833937915165723,1,241.81047895581798,1093.1672752018198,36.657471762610434
2025-09-24,West,Sea,84.07179017290608,580.1864283821807,0.9454910383483834,7.230168046923711,10.0,0.0,0,201.00879183792026,1374.8056371845337,21.94342067297747
2025-09-24,Central,Sea,147.1903783694199,369.4490888725805,2.255220804421944,9.541916622044274,11.0,0.0,0,192.31627465933894,2457.2799993790336,10.694706334332624
2025-09-24,East,Road,86.51565081758666,829.0509418033364,2.050247610110991,3.1078125625366644,5.0,0.0,0,221.83745921138936,1592.7864151526287,32.30963101538113
2025-09-24,Central,Road,38.84133752764121,96.83272869529837,1.5020227020879224,2.6851210249523496,5.0,0.0,0,147.96323514791453,1120.330613481359,10.0
2025-09-25,South,Rail,51.75163954747633,2500.0,0.3918359550823596,8.235428935231996,10.0,0.0,0,552.539217064272,1338.592920025637,86.3047322376604
2025-09-25,North,Road,125.86276789626606,480.7469746095399,0.3,5.114133494115957,5.0,0.11413349411595686,0,168.07186917333752,2371.6854744434354,16.576459347103125
2025-09-25,Central,Rail,53.03013296292677,1024.9325004677466,2.070652665396279,5.6067599834568,8.0,0.0,0,273.55648735619934,828.6288695948094,31.080528589456463
2025-09-25,North,Road,161.77621125493573,617.3748091451648,0.3,2.4158023869404657,6.0,0.0,0,302.79389497186224,2572.7570938421486,24.993105618407014
2025-09-25,North,Road,277.28031712618014,1191.6198033958665,1.6801669654388833,6.143361482167499,9.0,0.0,0,497.05525470823073,4508.188238458179,44.36810630267072
2025-09-25,North,Sea,159.65783548498976,985.9188974946949,1.3718011622748785,10.420777871919011,13.0,0.0,0,360.75931181434333,1561.190903685996,27.306187289878615
2025-09-25,West,Sea,42.12997995019375,338.0678989818207,0.4015890450970696,8.009685672039637,9.0,0.0,0,154.81770995018712,1081.8195641372952,14.943787338974614
2025-09-26,South,Road,87.88606916259653,26.76909561200106,0.7581668834509421,6.033934017246784,8.0,0.0,0,103.49143191217834,1525.2427031046072,10.0
2025-09-26,Central,Air,104.59316842598899,706.0968036111202,2.736535951339311,4.088461831582062,5.0,0.0,0,421.5680774606637,2381.469262886634,18.508176885845277
2025-09-27,North,Sea,60.96314485525706,549.1618367761236,2.890922275134079,8.716494346227128,10.0,0.0,0,188.07053102549116,1369.1700327479466,16.472913410756785
2025-09-27,South,Rail,43.174168980198104,1248.7962518380189,2.1743712205010564,9.995368864143916,12.0,0.0,0,316.3960235139297,960.6213917961693,41.04142486421718
2025-09-27,Central,Sea,241.44628523799153,257.7161262481791,1.5900314010370675,6.703798740316159,7.0,0.0,0,196.45077502135968,3196.493439486264,10.0
2025-09-28,West,Air,136.11777056818485,109.01758516285129,0.9726694302709266,1.7464390831178973,4.0,0.0,0,354.1613989415832,2647.0079266967186,10.0
2025-09-28,Central,Road,261.1687785322072,1134.5268215086521,1.9437064884783752,7.921679271697585,8.0,0.0,0,430.8572217835139,4238.026177663397,45.239433134800855
2025-09-28,South,Road,161.3110753272254,975.6852071175455,1.1899647491683365,5.974022050287697,7.0,0.0,0,325.6107962782537,2677.638374375909,27.930305762042572
2025-09-28,North,Rail,30.360551022206895,592.7010205890917,2.356847389742438,7.299076141354414,8.0,0.0,0,231.54369295504466,991.0206015573633,25.99809876543469
2025-09-29,South,Road,99.27423753518833,793.344604115621,2.459939108140796,4.639412674704236,6.0,0.0,0,182.10699530501296,2207.9694105878243,21.047270080514384
2025-09-29,South,Rail,91.75797895419113,104.15391373298503,0.3,2.4508757595458075,2.0,0.4508757595458075,1,126.78312963376524,1788.1509677708973,10.0
2025-09-30,West,Rail,107.48086773564103,491.724047556891,2.286333214699937,5.445266059412099,5.0,0.4452660594120994,1,245.79757250695522,2383.29383084403,12.897798845927294
2025-09-30,South,Road,186.67799244539555,770.9976720939264,0.8985362080262032,6.572705041457032,8.0,0.0,0,310.9478402575855,3162.173005916994,27.43832626925486
2025-09-30,West,Air,151.78196235509841,663.9460662247765,1.3978490406336308,3.035546896321617,2.0,1.035546896321617,1,451.38952207017934,2662.499391017791,29.460243240565816
2025-09-30,South,Road,116.24962247496809,599.704533004098,2.756614521487518,5.417060535633327,6.0,0.0,0,246.66927231665275,2383.583155542843,21.94363777782652
2025-09-30,West,Road,113.74804705447357,196.76551686314178,1.270211919679571,1.2156534457129755,3.0,0.0,0,164.58836128217433,1484.7192749248766,10.0
2025-09-30,North,Rail,114.0647388311599,1134.9315073389996,0.44846560841580674,5.077987949988554,6.0,0.0,0,361.8717868164531,2022.2398087593385,39.44462873974658
2025-10-01,Central,Sea,95.07255193274707,164.5185796716656,2.45328972290776,6.242755372115235,8.0,0.0,0,94.03700722376664,1724.5023504299656,10.0
2025-10-01,North,Road,55.16817663971875,511.6015183724709,1.229937069706138,3.548021625709283,2.0,1.548021625709283,1,145.14171918247092,814.0829710770998,18.561482969927912
2025-10-02,North,Road,61.86649404583928,242.0579741115637,0.46064137465412114,1.594558439509298,3.0,0.0,0,134.22281466072783,1358.3015073746499,10.0
2025-10-02,Central,Air,184.21310742844082,353.2281008468096,1.6099296690171474,3.853413170822499,6.0,0.0,0,526.3325962951939,2498.804463060079,11.84821022477268
2025-10-02,North,Air,117.40603502776403,324.5433977154644,1.018945474157476,1.9293462703736446,2.0,0.0,0,355.6830164377103,1435.9354303608534,10.0
2025-10-02,West,Road,71.27056817933608,1048.6704380558012,2.099100312194752,8.041329414920332,10.0,0.0,0,320.74936184652404,1623.9985887644166,31.948748823842863
2025-10-04,East,Sea,234.56444934459273,194.88244357889204,1.938376084755331,8.283997989076747,9.0,0.0,0,164.60805085727972,4546.06561650693,10.0
2025-10-04,East,Sea,127.34761888208449,218.67357832683075,1.9398698448283977,9.270886546496225,11.0,0.0,0,99.49984512618263,2508.5066006318793,10.0
2025-10-04,East,Road,73.89974680355233,1053.8909169161584,2.3792701399572334,9.187831040051183,10.0,0.0,0,340.825857404711,1600.4550107363712,27.12943938791375
2025-10-04,South,Road,52.9065359251752,1326.9429206146474,3.015506838242829,5.171055718796191,6.0,0.0,0,266.76034056033376,848.1457135844685,54.31518961208764
2025-10-04,Central,Air,124.9508231484748,139.37390828662052,2.1610264533187196,2.804722716301786,3.0,0.0,0,326.88622378323174,2513.84308577381,10.0
2025-10-04,West,Road,34.16246539983713,558.1505207068572,2.2969868182047657,4.633051177150812,6.0,0.0,0,160.04205792100933,673.5769222864203,14.796011433176888
2025-10-05,East,Rail,112.78172907166874,737.4873468946739,2.5953850206149216,9.206618146587601,11.0,0.0,0,334.1702615332187,2359.26314864363,19.62973069911542
2025-10-05,West,Road,200.72430902887626,72.94351417328244,0.3,4.1992596669474604,5.0,0.0,0,155.4062235596084,3274.452653448964,10.0
2025-10-06,West,Road,207.50922221223314,410.46618334160496,0.4481311803527157,1.793784506015925,3.0,0.0,0,304.2060919637086,3197.8776173313518,17.23054039280857
2025-10-06,North,Sea,14.350221187056688,353.6925519656668,1.8853304826600954,6.29498565243951,7.0,0.0,0,79.42174655059982,270.8717566797344,12.10684626442476
2025-10-07,Central,Road,177.20302397096972,659.7386855193755,2.4101389110132443,5.212529629560036,7.0,0.0,0,303.3968206112802,2029.7403514252464,22.46542112471907
2025-10-07,North,Road,121.38947298711574,815.3095122227288,2.795100032457009,5.396968619850684,6.0,0.0,0,301.8947243322037,2209.875716287942,33.498164400382045
2025-10-07,North,Rail,69.42328710368791,131.9244078079676,0.3,3.6463897878090235,4.0,0.0,0,129.08416998046124,1004.7828685231166,10.0
2025-10-07,South,Road,65.22183875758896,776.5664430002563,1.3143320516041408,4.219237759271848,6.0,0.0,0,182.60411969256813,1554.8288992334656,23.897310963469167
2025-10-07,North,Road,160.8947909197446,874.2045297527302,2.174174893580993,2.6628845553235685,4.0,0.0,0,328.2175903597601,2883.916089865193,23.22306661128647
2025-10-07,Central,Rail,88.94264136011881,1191.9112687725146,2.8396868196870435,9.780241682641998,11.0,0.0,0,373.35135622981227,1821.4549102598353,31.0039979472875
2025-10-08,East,Road,165.68761268913832,470.85082008450604,1.76565184479754,5.58940968474444,5.0,0.5894096847444397,1,238.99430070111188,2733.88896682593,18.512209269941163
2025-10-08,South,Sea,16.047786937208958,693.2954618738805,0.44445133483331545,9.206414997617445,10.0,0.0,0,129.6019585228366,105.0418028671194,30.529700272493052
2025-10-08,Central,Road,116.74473024283273,421.07594324003765,1.7335429223673064,2.4754129085072654,5.0,0.0,0,197.5294796316227,2011.1035129314378,18.515206097799886
2025-10-09,Central,Sea,62.69002914122316,624.6861362595915,0.5858978827617249,8.536168921322165,10.0,0.0,0,149.0449728689403,1076.728053945113,15.866936484619151
2025-10-09,Central,Rail,98.54529673539074,727.1386809899427,2.1714926350754853,4.691003610031595,4.0,0.6910036100315953,1,271.7078862211911,1661.7494046870947,19.773288972109814
2025-10-09,North,Air,69.01900442174686,1507.8574888630462,2.2491848079170826,2.70218242687113,3.0,0.0,0,462.4581131770382,1468.3606909066968,48.83209970444569
2025-10-09,West,Road,98.99480298989923,1042.9158905180454,3.1408025056778626,6.663637448383572,11.0,0.0,0,279.41052860160715,1710.0614248653947,44.58428965509812
2025-10-09,West,Air,174.26347721119396,111.81143736208607,0.3,2.767497863255519,3.0,0.0,0,362.65171674346715,3123.7614063301153,10.0
2025-10-09,East,Road,181.54807217948803,921.825040356061,0.8839219622450463,3.681928847768936,5.0,0.0,0,293.0918823567742,2898.1520726129133,31.50769424145868
2025-10-10,South,Road,43.087519204727236,296.2336378121661,0.3,1.5132655256596936,3.0,0.0,0,75.91686281283252,729.4281094754772,10.0
2025-10-10,North,Road,168.94094836752188,376.4736904108108,3.637106596756335,6.422200721734847,9.0,0.0,0,230.24376119025146,2610.217433390536,15.338233098571237
2025-10-10,South,Rail,67.47232994614764,479.70022734579817,1.2484443699925267,6.3638362940816995,8.0,0.0,0,158.86930088137146,1174.4891753638324,14.209244754150497
2025-10-10,North,Road,100.01559658005631,245.05214569863023,0.6393772688246631,2.075196303391156,4.0,0.0,0,173.81668392486387,1943.9981036540003,10.0
2025-10-10,West,Rail,28.151536072976903,421.6758566600717,1.3168923648475355,3.201232288269685,5.0,0.0,0,160.85550201616695,746.3039052824631,14.029396097747
2025-10-10,West,Sea,36.82288440993784,62.83674677284009,0.3,7.652730889651636,8.0,0.0,0,145.77183562175958,689.4403012660387,10.0
2025-10-11,Central,Road,251.22817200026887,135.34090242965436,2.313033865185096,5.50555488718794,8.0,0.0,0,222.73904049674047,3881.7145096022678,10.0
2025-10-11,East,Road,126.23281703608794,66.97283714833328,1.2154850681582925,1.948558525876947,3.0,0.0,0,162.1170693299714,2773.4210522897047,10.0
2025-10-11,North,Road,53.49022010860088,1043.355203330073,1.8663897549233943,6.220063452180828,6.0,0.22006345218082757,1,261.67261636596925,900.5976575422491,37.36304769820979
2025-10-11,South,Road,95.81842063567098,314.8007012238969,3.088891985929566,7.558107466755466,10.0,0.0,0,173.77306500236384,1867.5600028080817,10.0
2025-10-12,North,Road,71.505547935401,119.70862866260728,3.16924633679208,6.650404189790258,8.0,0.0,0,148.40038665674214,1707.866662044602,10.0
2025-10-12,West,Road,126.8362853980723,362.39884586961756,1.2070514268399877,4.460365905688603,9.0,0.0,0,159.81730155682783,2000.9239377994022,10.489286682476362
2025-10-12,North,Rail,17.09022273107541,145.00630513062896,1.1746503027255624,4.088068563629777,7.0,0.0,0,159.91987873466906,796.5098838932648,10.0
2025-10-12,South,Rail,160.97546246478777,436.39500409874614,2.014801169980288,8.218839802786537,10.0,0.0,0,221.2387943719647,2571.932027712412,12.75322934402733
2025-10-12,South,Road,182.27552137165648,1051.8740692810168,1.0584036852399938,3.613522128499463,6.0,0.0,0,373.31411655143535,2595.5004246552403,27.70359817992938
2025-10-12,West,Road,111.54240268152765,1219.3323922311606,2.872355235474356,10.95068863267671,12.0,0.0,0,280.3557704747453,1792.3263206614738,38.078880803041194
2025-10-13,Central,Road,55.04378398316706,262.7186774280519,1.9085521403243628,4.911703589342453,5.0,0.0,0,94.78001082274065,1508.5977489304446,10.0
2025-10-13,East,Road,114.62161627397924,363.3289450856919,2.061016296844882,4.936845108341348,6.0,0.0,0,170.807939036263,1992.6105598365066,10.0
2025-10-13,Central,Rail,49.532419370492086,724.8649615122872,2.176808985460447,8.47473721843984,10.0,0.0,0,203.0984756210811,1106.6383237016166,18.682528234591498
2025-10-13,West,Sea,147.04864452892315,380.32308099684263,1.2635832840411614,6.637704598371575,9.0,0.0,0,185.91486378965675,2816.0127928604447,16.269447799386356
2025-10-13,North,Road,64.9348306911066,265.4122670028264,0.8857303135222108,2.1463853817702496,3.0,0.0,0,126.93570849206856,1258.203373084965,10.98998597985529
2025-10-13,East,Sea,164.41174115566525,1268.3318734252648,2.251744854506224,10.677799428840334,13.0,0.0,0,346.86386960657853,2753.7718955803334,38.60809974576366
2025-10-13,East,Rail,169.7241076842512,54.24594331443623,2.4409955637288387,3.444461840692069,4.0,0.0,0,211.78307573523284,1892.9229703644723,10.0
2025-10-14,East,Road,54.01651494368414,651.1108484704416,1.2107922768522743,2.713218899014139,4.0,0.0,0,211.6305328579126,770.7356350823228,23.580015485092474
2025-10-14,East,Road,143.6620548429453,212.48995472366744,0.694817868975182,4.457164212177204,6.0,0.0,0,191.36470590645695,2269.542640870234,10.0
2025-10-15,East,Rail,209.12538893279466,406.5379039610338,2.0561033319815483,7.106733350015488,8.0,0.0,0,365.2635045232796,3125.0921890221625,15.920368551063778
2025-10-15,South,Air,43.48747270278781,409.70450138100864,0.4642896055854273,2.3740667861397156,4.0,0.0,0,353.45595310231755,980.462885288789,11.377343303898645
2025-10-15,North,Rail,230.47375417088068,428.8364294237529,1.3320560651453741,6.133350091114022,6.0,0.13335009111402218,0,297.6503519911844,2440.2991354635888,17.25527267090877
2025-10-15,South,Road,174.6662407386817,597.1270284292065,0.3,4.690888924788758,6.0,0.0,0,258.57388593197714,2852.2143685697,19.011212303741527
2025-10-15,East,Road,116.66333967811404,811.0229902200211,3.247339947337994,7.833770446905262,9.0,0.0,0,278.09107284325387,2317.042463251827,27.38459000499118
2025-10-15,North,Road,63.367053674273066,676.2506079730942,3.4478838489920403,5.609753870626801,7.0,0.0,0,128.43462208980435,1221.4198320549594,23.019743094595167
2025-10-15,North,Road,62.13795539535903,341.08131429025906,2.2801835740827814,5.1226206838910615,7.0,0.0,0,85.3368487959954,1918.0199352804084,12.441656069618675
2025-10-15,East,Road,101.52426566222465,692.193655641711,0.5994581061131203,2.702797439827925,4.0,0.0,0,218.987017553186,1613.7299912561018,18.987440532765103
2025-10-16,East,Air,166.46126849317275,873.6072071031897,1.6864520425725704,3.0082204303448625,4.0,0.0,0,574.2531088981985,3255.242081208442,34.17101916635847
2025-10-16,South,Rail,68.54428905487808,85.96848848955085,1.6150394997888757,6.988192364401012,8.0,0.0,0,99.21765790125365,1801.9368059369172,10.0
2025-10-16,South,Sea,120.5449851360357,583.3648792447287,2.291117725663981,10.286021148417069,12.0,0.0,0,146.99778556936616,1470.5689794545026,19.487134185904992
2025-10-16,West,Road,66.05530196298524,139.9148821556887,1.1313828181401515,4.427285039763266,7.0,0.0,0,65.43534950893962,1497.7590393319972,10.0
2025-10-16,Central,Road,82.09008422639712,710.0336741000896,2.398677461514907,5.495888491913754,5.0,0.49588849191375406,1,277.04224391199233,1767.4016276827488,23.684131060328014
2025-10-16,North,Air,166.23041500739825,1025.7204846192533,1.94224939993902,4.503328784610867,6.0,0.0,0,541.2716587995199,2820.458579825801,31.643137295575187
2025-10-16,East,Road,123.29744312723004,104.66356672142479,0.8404851909086675,4.363667445149231,6.0,0.0,0,174.29808370032842,1236.89078354186,10.0
2025-10-16,Central,Road,83.23936348266533,339.4423944101078,1.3387707587360929,1.0,2.0,0.0,0,176.03363575093687,1031.4284500445779,13.501956057767156
2025-10-17,North,Sea,277.3904266436785,593.3758884005036,1.4183647473939422,5.8307465296134655,8.0,0.0,0,316.9458007056335,4665.0767615854775,22.873756595775006
2025-10-17,Central,Air,108.75395145213022,148.19227751475827,1.4980476077713767,3.512078690331052,6.0,0.0,0,294.7217685515556,2095.237511280874,10.0
2025-10-18,South,Air,95.54286550928721,133.4386989536401,1.5645860899015251,4.357028912278796,5.0,0.0,0,332.63300591754324,1921.8855949596605,10.0
2025-10-18,South,Road,71.01873748163753,508.22662439861523,1.5225967086780072,5.790394948686705,6.0,0.0,0,174.79497522157843,1867.6503862894065,14.987816965849921
2025-10-18,North,Air,174.6346064669376,315.91640611841115,0.5764929326283228,1.0,3.0,0.0,0,375.6756776994695,1686.092624143651,12.772867759527221
2025-10-18,Central,Rail,118.66919597975482,487.16956859277246,2.7632699196619956,6.730410936505286,7.0,0.0,0,290.19072867356783,2471.7145305428016,16.551032054119922
2025-10-19,West,Air,115.44739844599286,341.81348323467046,3.045795170978847,4.505223109573115,5.0,0.0,0,338.3846195859293,2096.2493196250352,10.89312661809977
2025-10-19,North,Air,57.64867028103239,87.48620510049113,1.469061206292047,1.691997373059498,3.0,0.0,0,272.3000809449334,1187.0994893138932,10.0
2025-10-19,South,Road,181.1492727519141,802.4489548037766,0.503036872343239,4.179226745758884,9.0,0.0,0,330.249718767416,3055.3577879547947,33.970978855537425
2025-10-19,North,Rail,132.84571255942694,402.2452339152501,2.2872810515510684,4.388509078694345,4.0,0.38850907869434526,1,299.00903000003194,2367.0049468672864,15.324328090753772
2025-10-20,North,Sea,85.45517176718135,241.06295551599368,1.9925612493570235,8.792324968877088,9.0,0.0,0,79.63196145507186,999.5698375026611,10.214586583546582
2025-10-20,North,Road,102.09334880858756,259.5968839348826,2.2747430989244424,4.5729705410475905,6.0,0.0,0,212.6961820311432,2311.6797901336495,10.0
2025-10-20,East,Road,229.48530544672082,141.94686009927995,1.5671226367375772,3.3998829876308965,6.0,0.0,0,286.8012062087936,3910.564460714744,10.0
2025-10-20,East,Air,63.044507813361996,1222.8204561706764,0.9002205534339988,3.583184440133591,4.0,0.0,0,423.7336039829268,1045.5963521901306,37.233616517415214
2025-10-20,North,Sea,106.81231456458968,58.780132906877284,1.9626572751426534,7.980605856186178,9.0,0.0,0,109.40764179828729,1319.5988575245156,10.0
2025-10-20,South,Road,138.36314396568432,603.9187438987669,1.8451095826653605,4.261210480154694,6.0,0.0,0,265.3589801187505,2238.805731129757,21.532834812174528
2025-10-21,West,Sea,225.43720762910652,437.9986128544837,2.6861570821260488,13.233084990320112,14.0,0.0,0,290.00249409962424,2634.2007111041257,11.096937632865645
2025-10-21,South,Road,168.1853731726518,400.8561491462865,2.063886190288445,6.145830128505574,7.0,0.0,0,223.77248645029127,2163.569918683226,16.873800178243947
2025-10-21,North,Road,77.28164660115824,728.1159735432461,0.6394910592184677,3.7888900729980612,7.0,0.0,0,195.9801767511903,2102.3431855972385,20.66034619920583
2025-10-21,East,Road,61.65490685592892,169.37015394198542,1.245650401126415,3.233845293870551,6.0,0.0,0,107.8480905109349,1353.3241172960923,10.0
2025-10-21,East,Sea,131.59298379363346,603.5626452447984,2.594603169061754,7.127936150435618,8.0,0.0,0,192.19693458621393,2103.570790240323,23.586539412286804
2025-10-21,East,Road,306.9090943501308,974.9573478195988,0.9444755721801114,5.313546701377695,6.0,0.0,0,395.2067899099477,5814.803301280646,32.007830202735995
2025-10-22,South,Sea,277.77192584914565,383.02037262972976,1.7855442715752996,9.242308669763249,9.0,0.24230866976324883,1,314.88133369658385,5320.816619109148,11.795119183541448
2025-10-22,East,Road,29.33346914161404,1398.664571183735,1.6546643508266363,3.9733381060417856,6.0,0.0,0,247.3748952003374,834.647669310978,57.76367100231795
2025-10-22,North,Road,128.89430066046876,322.12108943180334,1.3704860444768783,2.0522088040474635,2.0,0.05220880404746353,0,198.7564248235199,1503.24832205351,12.484152861110191
2025-10-23,North,Road,56.256783047293965,435.13457317213204,0.9932052617461027,4.200221612265719,7.0,0.0,0,158.906249977892,1099.6177064141166,13.221040897448628
2025-10-23,East,Road,132.38057043482078,411.80710721011116,2.2765246204622995,5.73018448561743,8.0,0.0,0,177.77406412488565,1380.0550045101031,13.447539047739614
2025-10-23,East,Rail,79.56283084652004,154.11026828133586,2.004566345821855,5.886231762517984,8.0,0.0,0,122.2351201564529,1088.0943592330923,10.0
2025-10-23,North,Road,59.63695778113339,470.9525134710157,0.3,2.325375905844359,5.0,0.0,0,114.882820840641,1037.4141938997616,19.5289799679046
2025-10-23,North,Rail,57.029707743763666,315.7494828068081,1.490409505832896,6.357354410895386,8.0,0.0,0,183.26287282749348,935.3699899934107,10.0
2025-10-23,East,Rail,115.86219266163802,847.8233855106778,1.7517989057086611,7.520433752167468,8.0,0.0,0,285.08026343481976,1907.2763241815621,28.903035165615794
2025-10-24,Central,Road,204.09109667286896,452.62843979510484,0.8315659737289586,4.327005300676872,6.0,0.0,0,217.53436171876044,3293.800595016947,17.66317958100212
2025-10-25,West,Road,110.68016970263842,433.93776205168393,0.6110938613146744,4.376783184710789,4.0,0.3767831847107894,1,210.88773999041211,1487.6737384477522,16.969648756846524
2025-10-26,South,Road,108.97171762638277,637.89654143125,3.3809380642034563,6.71380888650561,8.0,0.0,0,208.24823841741315,2420.488561483142,20.34014490716012
2025-10-26,North,Air,179.10094075943707,219.59566491706028,1.584282118206795,3.2920201268071594,4.0,0.0,0,428.54461644776376,2342.154850875667,10.0
2025-10-27,North,Road,90.39229508832494,705.6834353529496,2.2015358064323998,3.6135008585908,7.0,0.0,0,231.35316770997747,2163.1164988127884,25.36116646932394
2025-10-27,Central,Road,207.97817624865385,249.18814866630927,1.749615067369729,2.029410348914177,4.0,0.0,0,234.62363492531549,3691.99267609252,10.0
2025-10-28,West,Sea,59.50729919417635,219.93653459314646,3.1163082600831995,11.322041038173777,14.0,0.0,0,107.4146445014064,1076.7294462532532,10.0
2025-10-28,West,Road,110.96919083565722,888.898835088116,2.3348928895303445,7.588971427859041,9.0,0.0,0,226.27394886966098,1091.8574608622876,34.689068644168195
2025-10-28,Central,Road,147.6093739220211,936.4109620692227,1.4436188846723845,3.802520124448473,6.0,0.0,0,338.9821694099278,2921.9263478210337,33.439514537368744
2025-10-28,West,Road,58.391812294337726,1409.5328199266633,0.6659339331376812,8.794214534432108,9.0,0.0,0,309.5995478254403,1040.781677692396,47.446412568695656
2025-10-29,South,Road,181.5307670130768,244.16198482856618,0.7997972784637248,4.31599485615315,7.0,0.0,0,213.23294033783134,3135.6607644039887,10.0
2025-10-29,South,Road,56.14838426568612,1048.498567306393,0.8376611633414909,5.061797528624976,7.0,0.0,0,215.45345625783617,1465.5373331872245,30.115606335605534
2025-10-29,East,Air,155.36105882205294,268.3303772744298,2.1133623244971114,2.350343471441114,2.0,0.3503434714411142,1,342.5051386843481,2497.819132099614,10.0
2025-10-29,Central,Road,62.64648545956946,286.80212767796075,2.7851034570173256,5.913516353929701,6.0,0.0,0,120.32895254283287,1183.0099658226948,12.002547410866686
2025-10-29,South,Rail,114.14247763017075,61.824879231281336,1.86329814620734,3.868660289765045,6.0,0.0,0,122.22726116403196,2188.088637493098,10.0
2025-10-30,North,Rail,148.80358437748166,469.8913834199797,1.2415751232482373,5.330834101759817,6.0,0.0,0,262.5430156250802,1908.8297916738638,20.143026796604882
2025-10-30,Central,Sea,74.69375376886128,130.8650203732262,1.9146917507026697,8.319978609192093,9.0,0.0,0,40.0,961.1347733538266,10.0
2025-10-30,North,Rail,117.0855726831025,344.0445176511345,2.500640208080166,7.079659639657823,9.0,0.0,0,247.73636316017308,2220.80534474509,10.215726725084632
2025-10-30,Central,Sea,138.39091675895378,495.3091371660591,2.9791336362046477,13.6820198482861,15.0,0.0,0,200.47502301986594,2480.4081170822074,20.050035322071164
2025-10-30,East,Road,158.49950314200274,1409.6415987373841,0.3,3.2166311753699706,6.0,0.0,0,370.1937146197163,2133.7823556460885,39.22147270887992
2025-10-30,Central,Road,82.00323152558234,761.9272871206977,0.9303044647503025,2.5618934245030553,4.0,0.0,0,228.50865193436456,1534.579321798619,21.404252055066788
2025-10-30,South,Sea,223.46539823493995,370.5349168602969,1.6344185747548499,8.780622230959382,12.0,0.0,0,204.96243144448655,2979.519083355766,10.0
2025-10-30,North,Air,116.17668427887048,498.5499246983459,2.5191236502252297,3.2211009633691408,5.0,0.0,0,403.0479443807907,1836.2498015267618,20.214621925317452
2025-10-31,South,Road,72.80644892551902,589.6921726135673,0.6937772071699377,4.547758672560183,5.0,0.0,0,236.6341946237413,1216.2676974276028,24.6318806607196
2025-10-31,North,Air,239.59135799095176,275.2820198594277,2.9401001492696315,3.754018747894822,7.0,0.0,0,458.2963107233685,4368.0855201531085,10.0
2025-10-31,North,Sea,60.805192133889314,591.5906581181777,2.2435413812061817,10.425682850019838,10.0,0.42568285001983774,1,225.470559427642,1440.9247857627388,23.199507872908978
2025-10-31,North,Sea,81.90382753626135,653.1539362319336,1.6537909376122948,10.004706493699178,12.0,0.0,0,221.72147409713205,1324.535325608995,19.614622760506997
2025-10-31,East,Road,106.87043002986172,663.6895141706268,2.2828282073523423,4.739257221189454,6.0,0.0,0,288.63155298089674,2447.4153215274746,21.763009859184905
2025-11-01,West,Road,67.51470667795897,384.280023959228,1.3332197467200078,3.827154622419912,4.0,0.0,0,140.35735381240227,1539.216852178271,14.485488684115364
2025-11-01,North,Road,122.2399113293155,260.7672923279731,1.4053256399405953,2.1793840505160804,4.0,0.0,0,200.8418678415336,1637.8301248245482,10.0
2025-11-01,South,Rail,56.547892161766725,356.8754921918401,0.9613747478012226,2.856090214170607,3.0,0.0,0,185.54011505747175,1407.3278323774377,12.350519395440898
2025-11-01,North,Road,47.775233866966175,354.5607639551306,1.7686315448091152,4.307463233609272,4.0,0.30746323360927175,1,190.79873555759974,997.1653199544147,10.795335783406012
2025-11-01,West,Sea,122.07853623461953,2500.0,1.4823415805722895,12.591758972671935,11.0,1.5917589726719346,1,545.575420466688,2177.0015901228808,84.03784241804942
2025-11-02,South,Road,195.3068660156818,487.8804943872106,1.4192601507716442,5.241404286703137,5.0,0.24140428670313696,1,307.59102981179024,2712.2999025778277,21.509536990055825
2025-11-02,South,Air,80.3208015875479,606.7471492913725,2.872385208938356,3.511386183389889,5.0,0.0,0,437.10155934747615,1424.9748695504413,21.26485529840873
2025-11-02,Central,Air,90.29134731068717,805.8384827407207,3.2019536398465136,7.038282828609607,10.0,0.0,0,404.20899820579194,1176.0301501883566,31.44821722766911
2025-11-03,East,Rail,37.918848334462986,1295.7574360897654,0.9657754769333483,7.747889722764144,8.0,0.0,0,368.54107908778394,1185.6378198865198,54.619988604719744
2025-11-03,North,Road,165.68132852815802,932.2905588099454,1.0614606436224039,7.24637650446711,9.0,0.0,0,353.2211616387736,3021.5168839996677,41.24286710394011
2025-11-03,North,Rail,155.32291919185528,419.20687372068966,2.08604069078948,5.719272570819137,8.0,0.0,0,246.00875252905277,2264.187933939299,11.417124389381572
2025-11-04,East,Air,48.73380942381684,728.9915701289666,2.5829765721661975,6.313969215910959,8.0,0.0,0,334.9492592370592,1346.826665912452,23.433855817835052
2025-11-04,North,Road,91.60095270280942,349.41302339810255,2.02883327401095,4.8662127406881375,6.0,0.0,0,159.35978960062158,1890.4049470666075,12.007201497000203
2025-11-04,North,Road,66.38526788840188,191.6017110077184,1.9806433547254532,4.711967136268926,6.0,0.0,0,69.77157514193838,1119.381254551303,10.0
2025-11-05,North,Sea,45.92708473732772,426.80809497650586,2.2456546873133223,8.232478705024599,10.0,0.0,0,113.25724280607866,873.9591970775364,16.201881075043136
2025-11-05,North,Road,109.92009561637799,1637.15291703578,1.2478909344659148,6.024223520933465,8.0,0.0,0,356.0908823843969,2355.7667948876165,71.15171914464732
2025-11-05,South,Rail,59.313261490993966,440.0070056895151,0.7075852623107592,4.816607537352013,6.0,0.0,0,167.30180562026024,1134.2129545393286,16.6248317384385
2025-11-05,South,Road,83.39411202331723,1119.6267381614293,1.9605481400401326,7.460679890391605,8.0,0.0,0,322.581212153611,1889.889250544466,33.06321901714839
2025-11-06,South,Road,60.127272474887796,273.41078555291773,1.826331571729165,1.7553919652740495,2.0,0.0,0,114.99838371179032,1376.04086085761,10.456595883796131
2025-11-06,West,Road,183.28078661340393,295.8754212000295,1.0857043055382727,2.1142568232346477,3.0,0.0,0,228.86701107130034,3016.271094715557,12.578973688401767
2025-11-06,South,Sea,237.4993135213798,1010.9292953355119,2.773086094720869,12.37154973255751,13.0,0.0,0,362.7951661638148,4431.261060482103,35.22355192651337
2025-11-06,Central,Road,52.21696276267565,265.75603643039886,1.7036666287840807,3.330649249521719,7.0,0.0,0,105.76091272673969,1439.3401832477168,10.0
2025-11-07,Central,Road,158.45547641064877,628.9303866729379,2.498562774366753,5.57158817394543,7.0,0.0,0,237.01070556254075,3191.7757495991373,23.16666345553118
2025-11-07,Central,Sea,48.061632138837695,1461.6958823097336,1.10068212905158,9.155562661320893,11.0,0.0,0,262.18017461885125,1469.0574118636096,43.3335594373227
2025-11-07,Central,Road,71.80991174693266,408.05384251376734,2.1305549895743776,3.303315885794503,4.0,0.0,0,135.21598868765074,983.3613923790958,15.438559684675997
2025-11-07,North,Road,105.94636293580766,427.71038819877566,3.9721194537780136,6.922418392433124,8.0,0.0,0,195.84189014828303,2076.3421185677666,17.056267049355256
2025-11-07,Central,Rail,100.87479204476337,812.1136778236354,3.020266618959634,8.330918419337952,9.0,0.0,0,295.24698393371943,1733.9365030114682,27.053573251439808
2025-11-07,Central,Road,9.378063685182664,183.24544384197367,0.4535643547506816,1.0,3.0,0.0,0,49.88466932333377,622.211321520824,10.0
2025-11-08,South,Air,104.18170043933115,159.41449702778652,1.3917483939194408,3.2245755931135167,6.0,0.0,0,320.9968117080694,1861.1235524544263,10.0
2025-11-08,Central,Road,96.50185438374572,92.58328163505513,2.36127018484576,6.617363306623454,6.0,0.6173633066234538,1,142.35567471229294,2108.1507448367206,10.0
2025-11-08,West,Road,144.44201214451232,1119.208345434382,0.3,3.4464935945028063,6.0,0.0,0,305.9826204132037,2840.623142906226,29.351062170747817
2025-11-08,Central,Air,89.04778614845831,276.1941596500832,1.3775156148619947,4.593571563549191,2.0,2.593571563549191,1,349.39465934116686,1442.5788007135152,10.742990027685535
2025-11-09,East,Road,266.30358304897584,949.2972440254142,2.510135449148038,4.705450324733374,6.0,0.0,0,392.1479820717502,4370.308375374172,42.12394080719029
2025-11-09,North,Road,169.0217955909381,535.5039425136052,1.8999582674320614,2.5105295771869445,3.0,0.0,0,271.5938575951677,3681.6801373276726,13.865943177145601
2025-11-09,Central,Road,60.112311026884825,147.10502193018473,2.503788556046291,2.423680957547547,3.0,0.0,0,98.12745103957089,969.2410047798335,10.0
2025-11-09,East,Air,166.3569439769975,530.7992472860091,1.6451874259794135,5.431564121893066,7.0,0.0,0,479.50197594005806,1857.6062624885194,14.268210188777985
2025-11-09,South,Sea,57.3979534391037,167.4692620802614,2.110312197118229,6.614697420939053,8.0,0.0,0,84.35336172607742,1408.167232925659,10.0
2025-11-09,North,Air,84.8224874868154,1045.9080853561707,1.3542714044790558,3.8279065805042194,4.0,0.0,0,490.4393086400658,1232.8686755695912,34.51149435259881
2025-11-10,North,Road,149.08665295957766,20.0,1.6478474862615986,2.7184472858903277,5.0,0.0,0,185.9604189004931,3376.627790653951,10.0
2025-11-10,South,Road,25.371878529542812,1080.661681812628,1.6805562661423927,5.353105262948442,4.0,1.353105262948442,1,175.9152652085728,987.4762228940966,45.63752949041272
2025-11-10,Central,Road,166.70389128053162,845.4992095292863,3.4547482724168637,8.078984394158908,9.0,0.0,0,343.0865039313804,2712.5113595633893,22.329534233898766
2025-11-11,East,Road,132.73350757028803,380.1565674799569,2.0900997531483876,4.303355264881432,4.0,0.30335526488143216,1,207.47660184743714,2334.110346851899,12.164827919737409
2025-11-11,Central,Road,71.80334617423647,1598.9620190541582,1.624224196106167,4.881982304836319,6.0,0.0,0,412.38399718924245,1124.2307398170055,66.9303741526823
2025-11-11,North,Sea,121.26399480598232,129.21279597229085,1.0976008406096232,8.191567937362224,9.0,0.0,0,138.74512718088968,1242.5495187797583,10.0
2025-11-11,North,Rail,52.9898343001811,135.67624759982456,0.5644814568980614,3.706748202937621,7.0,0.0,0,121.88898189645286,1467.358396467294,10.0
2025-11-12,South,Road,155.97852100227163,485.4372274836687,2.1980012549077785,4.068213029076032,5.0,0.0,0,248.32721832175656,1733.9339310149173,17.64103071801638
2025-11-12,West,Rail,93.32695142354271,818.5875440423277,1.8361686140459847,7.8885787717457,8.0,0.0,0,295.98597426983906,1655.8212769333395,22.79672391697447
2025-11-12,East,Air,112.04615112190871,147.7986647370679,2.1811464534859124,1.6824449561879866,2.0,0.0,0,276.7669195698217,2281.434227030329,10.0
2025-11-12,South,Road,81.19889011482694,1302.3030091091102,2.3816154458832655,7.35202610806529,9.0,0.0,0,312.67450027379186,1545.939570338322,37.20350640156677
2025-11-12,Central,Road,191.4255986301767,1290.8124512117042,2.1884448137839323,6.991511193502573,8.0,0.0,0,384.5577187592484,3232.903739964524,48.70212405499413
2025-11-13,East,Air,44.81170081322078,488.32476193844593,1.775319388939782,3.5505373020283515,4.0,0.0,0,287.23238494982377,994.0995306111868,19.700694191904137
2025-11-13,East,Road,77.82606582986683,1754.496285679386,2.7582000220604312,10.403287382015797,14.0,0.0,0,409.3142596342471,1803.0568039167954,67.20871908219613
2025-11-13,West,Road,70.94338148718677,50.59309145885942,1.1372753184286366,3.3069139339456473,5.0,0.0,0,116.37239190017513,1328.830699378373,10.0
2025-11-13,South,Road,70.29334467482747,434.12551847607887,2.9465703799822895,4.134661233184451,5.0,0.0,0,145.93900382933847,1310.6213731185805,18.222152336129373
2025-11-14,North,Road,102.08779850306773,180.93854228443334,2.3097466603257697,6.140483167602169,6.0,0.14048316760216917,0,108.89071243253724,1588.896140502321,10.0
2025-11-14,South,Road,73.71300512030746,744.0814471685279,1.6749633061269067,5.288410864454682,6.0,0.0,0,191.45169941225834,1127.4396811557358,32.54796868209302
2025-11-14,West,Air,93.98589486058216,402.2772593087213,1.4969697590128657,5.290424901964464,8.0,0.0,0,374.835096238185,1376.6370850677622,12.603044619649644
2025-11-14,West,Road,50.36888934510105,533.5292855199152,1.1395351666771276,3.4082052733792696,5.0,0.0,0,131.12565355661428,673.0180189886237,18.24361742883641
2025-11-14,Central,Sea,206.17690902929013,777.3592296584749,2.3605220400215794,10.279294860333572,12.0,0.0,0,292.44871799092516,3523.705018635756,33.65556666607284
2025-11-14,East,Rail,108.9574679062825,466.5985435187471,2.5868708591585543,9.842956375154632,13.0,0.0,0,176.12043076899835,1547.6834825373608,16.56678632423289
2025-11-14,West,Road,51.759551434763225,221.5253838965037,0.3,3.2860046870277277,4.0,0.0,0,77.4959314961591,1222.6817027870047,10.0
2025-11-15,North,Road,75.01943785337392,752.6879403866885,2.5553066639546076,7.186568677177503,7.0,0.1865686771775028,0,127.39342057352688,1916.5963769232228,23.697986727743267
2025-11-15,East,Road,60.19225180688695,156.66558930819005,2.3897384104878703,6.776615215550012,8.0,0.0,0,123.92772453670094,1906.6235570557108,10.0
2025-11-15,East,Road,105.03469319869237,466.2982163677524,0.8535713240702986,5.014105429443055,7.0,0.0,0,180.0500820673254,1441.1197075899747,17.557862171887493
2025-11-15,West,Road,113.93009126953744,585.070340212866,1.7758445536463547,5.248301314433101,4.0,1.2483013144331014,1,234.5978632679331,2115.6734830591163,25.260048352752737
2025-11-15,Central,Road,272.1307080135156,527.8765235689642,1.1223431150170218,3.7071205743229845,4.0,0.0,0,342.5591835486516,4181.106175971102,22.352520729148488
2025-11-16,North,Rail,62.18671335158275,1125.943336781399,1.8706722813596506,9.192862715961128,12.0,0.0,0,273.93581927096466,1027.186396647398,32.5846437918162
2025-11-16,South,Road,111.2574075955534,360.9789553588979,0.5441032728798718,3.313249045682582,5.0,0.0,0,151.7195953163045,1539.538653704979,12.974905431071395
2025-11-16,West,Road,155.1311997115555,613.5966410977553,2.779421967484586,6.227471418439059,8.0,0.0,0,215.64568305504778,2786.1950595411713,21.67148485501702
2025-11-16,East,Road,87.36267302662989,341.4757781738471,1.051434038824599,7.699759164175026,7.0,0.6997591641750258,1,164.1111762177862,1860.7197244901056,14.784073780846473
2025-11-16,South,Air,144.19876157483606,808.2057585503758,2.244676746196384,5.161721535103046,7.0,0.0,0,491.45934900000725,1533.9194452616705,24.161213207005108
2025-11-17,North,Road,68.68930466907626,1393.5390493747343,1.3992850434790163,7.621868093586233,9.0,0.0,0,297.8994741211398,1560.0039309385716,37.394773545230784
2025-11-17,West,Road,46.731367415191784,1000.8006470251938,1.422465732788396,5.435258708208444,7.0,0.0,0,192.40852417435474,1074.8118586798578,33.50741506187276
2025-11-17,South,Road,118.58752319061102,93.95481092259523,1.2779087540920264,2.0300923400782165,5.0,0.0,0,113.39472887446921,1310.1664935882338,10.0
2025-11-17,South,Road,118.89339792046695,211.13885361998877,1.780543527969017,5.355578014738647,6.0,0.0,0,107.78063054655709,1915.3356599606484,10.0
2025-11-18,West,Sea,80.56926857117234,1155.7906673965342,0.3,8.070075764859324,9.0,0.0,0,244.77155699990024,1132.5585073752782,43.837338231834565
2025-11-18,North,Road,84.25440805715,311.34157411620794,0.7428881946687178,3.8866126361509603,3.0,0.8866126361509603,1,125.40272018433379,2218.521125334644,13.64826498064326
2025-11-18,Central,Air,155.5017104624552,1072.089428435481,2.973174346516256,5.721818928328985,7.0,0.0,0,553.8536240188698,2700.0120937165975,42.76579817860398
2025-11-19,Central,Road,147.15989740609106,116.36182798402787,0.48420732600195504,3.71468994124781,4.0,0.0,0,136.02329804618836,2341.785267926542,10.0
2025-11-19,West,Air,222.7678895966114,164.94897629852755,0.9884313881446326,2.4788880428145177,2.0,0.4788880428145177,1,390.41124416832525,2566.011051961735,10.0
2025-11-19,South,Road,259.17630871382266,769.277900418694,0.5703631324879634,4.315783459779072,5.0,0.0,0,371.52549744796084,4164.155448324484,24.273846393662307
2025-11-19,South,Road,29.30412203281993,893.6444808186307,2.3205928296531715,4.929216600970592,5.0,0.0,0,221.8718532762481,1070.9362380030725,28.021669442460333
2025-11-20,Central,Road,93.1265764096502,601.2843075948388,2.0566191413587283,4.108033276726752,7.0,0.0,0,200.63367901801342,1467.2432774562158,17.122189848658667
2025-11-20,East,Air,164.43953279783076,334.50538758767,2.4014464526177677,1.9612322809676193,3.0,0.0,0,386.21753021743126,1763.5341026905699,12.950189468357934
2025-11-20,South,Road,116.78463827744704,1054.0765383286725,0.3,6.350394070424869,8.0,0.0,0,315.8079791851513,1568.4673984361702,44.71777614686691
2025-11-20,Central,Air,78.80983292380807,1144.4232027200364,2.5410150112980694,4.570308307380072,5.0,0.0,0,461.46868497502936,1137.1674190954514,44.9644126420702
2025-11-21,West,Road,32.14487854328477,808.137112023267,3.0797671950081433,4.9612170962907225,6.0,0.0,0,189.70298388972247,667.4979996467441,27.42280309818673
2025-11-21,Central,Road,52.92178712247708,907.2832530409742,0.30345153270552516,4.622997628169573,7.0,0.0,0,165.48522438593508,1129.5499338557486,26.74326126409495
2025-11-21,East,Sea,84.50236612899536,152.79932627561283,1.4225561620621139,7.735609296301202,8.0,0.0,0,147.39305213253755,1998.2598032820215,10.0
2025-11-22,South,Rail,100.49111438167874,630.9206004023082,0.9799532819287684,7.696626359454062,8.0,0.0,0,267.72352095551605,1655.2389376468927,28.31866465517664
2025-11-22,North,Road,66.1118946722386,524.8886599840753,1.2303163807058888,3.548330930081813,4.0,0.0,0,144.305836374231,1684.2257507969005,22.400634497621216
2025-11-22,Central,Road,32.70586800330234,947.0199482852055,2.412529940125008,5.992249704445505,6.0,0.0,0,210.63675779202282,649.3913408484834,30.814626844404277
2025-11-22,Central,Road,67.53079679499645,1072.9226083970664,2.5945713019888714,4.481372999891384,7.0,0.0,0,246.82048774574898,1027.769564923211,27.810878909670617
2025-11-22,South,Air,135.439085191321,1167.768947904223,0.9899404553485432,4.815151502373981,5.0,0.0,0,471.6223675107047,1758.0990315222919,41.03395930634467
2025-11-23,South,Sea,164.36037740843548,612.9470841009173,1.5656584479518858,7.241821516735191,9.0,0.0,0,302.52545892302606,2674.2093392295947,15.403466225110211
2025-11-23,West,Road,103.46573874917055,720.5201008288466,2.021098978474682,5.695719039277111,7.0,0.0,0,227.0134666911278,1772.1839801590158,31.561937797578455
2025-11-23,North,Road,20.14429024186105,342.08982835529577,1.7921180627107098,5.842207930723534,7.0,0.0,0,97.0579185299946,965.8223465620074,13.483234211890816
2025-11-23,Central,Sea,89.94997104544487,960.4348290333465,0.8103802779824456,8.349233273162012,9.0,0.0,0,226.54133358711064,1115.9897882883172,37.62835364001323
2025-11-24,South,Road,80.20689785840034,445.4987736082837,0.9284022462761703,5.016804380479051,6.0,0.0,0,212.90729355414646,1624.1887824663067,18.914080766635323
2025-11-24,West,Road,108.74694390325404,500.41349181256606,2.933362472148957,5.286840921935936,7.0,0.0,0,186.34970284098614,1714.4097403823303,13.623170606032344
2025-11-24,West,Rail,57.05479058540117,287.5521983794359,0.8484327412004611,4.018995038244539,6.0,0.0,0,169.60019951488684,1193.3187511180884,12.617203227254883
2025-11-24,West,Road,163.79796885771458,351.9947756605779,2.6865908488799297,4.9310158105285185,8.0,0.0,0,227.4858506856439,3378.2522557152006,13.436687399361979
2025-11-24,Central,Air,32.82487509547168,1581.067988906975,2.055254660121292,6.67072906467125,9.0,0.0,0,437.8770230421516,1054.7933221590524,66.31997562055274
2025-11-24,West,Road,149.27595528942408,529.7390695499224,2.02476169060701,7.12715215434438,10.0,0.0,0,268.7210760658968,2605.2662676512064,23.05261216732271
2025-11-25,North,Road,96.5008480661024,974.373878140795,2.0644939964823483,3.6726587513124818,6.0,0.0,0,253.96913643607562,1235.6252962665353,26.630042401963113
2025-11-25,East,Road,204.65941336049445,1082.4498399413612,2.321884820117348,5.376140459236865,7.0,0.0,0,383.1817518973183,3668.8409938080836,35.69055680688364
2025-11-26,West,Rail,41.79834607838046,1407.165401262295,1.771685659895935,7.991421491630106,9.0,0.0,0,339.2459396292277,1256.2416963139476,44.310667296041196
2025-11-26,North,Road,90.52408445600231,216.76559399754615,2.4362326087765327,5.564176628014334,6.0,0.0,0,100.73661278084973,1079.4563034529574,10.0
2025-11-26,Central,Rail,128.7191304612825,882.4044837829236,0.8712234834184139,5.600520162234811,6.0,0.0,0,401.39533104195823,2971.4533077562037,31.895964705726527
2025-11-26,East,Road,132.89531132262073,522.4947667784345,2.7802322446797847,7.268371175420753,8.0,0.0,0,207.26480229371003,1940.7944499221765,17.782312353672516
2025-11-26,North,Sea,89.8564813990014,393.89241354524506,2.0517835758876233,9.774581601960573,11.0,0.0,0,168.93366620865186,2155.484233666456,10.794744660864893
2025-11-26,West,Road,63.572625434705074,767.8348762475372,1.682277867378248,4.666143392454073,5.0,0.0,0,187.25105696482453,1393.6674652768263,24.22124565536061
2025-11-26,West,Road,278.6771824357753,1161.0916636566183,2.6591153361467965,5.775500365167756,7.0,0.0,0,475.93030901261494,3087.370426762364,37.00682429446079
2025-11-27,South,Road,42.91979661671679,830.2872770115281,1.88974860727314,3.904966144511488,7.0,0.0,0,258.72381805450493,1121.3633065696058,24.30035246088803
2025-11-27,Central,Air,71.1133533628647,200.3161070693984,1.215043647498121,1.4272477602120799,2.0,0.0,0,294.2443213578384,1274.5165428399087,10.0
2025-11-27,North,Air,74.28699997987503,736.168580137226,1.4687007081755112,5.322305266001697,7.0,0.0,0,346.150412032736,1558.308333287772,29.55176783787225
2025-11-27,South,Road,76.93244031211172,39.482148128237505,1.9789193642337677,1.407962073286129,2.0,0.0,0,40.0,1263.3316618703122,10.0
2025-11-28,East,Road,220.6849752763881,1962.7992162959624,2.2445830999300966,9.736450371727699,10.0,0.0,0,520.0834865451005,3179.6160945389106,71.53648923886347
2025-11-29,Central,Road,130.22519210181378,1596.1347178362287,0.3,6.24425717429536,9.0,0.0,0,461.63950831097804,1934.8422018752922,44.21080381175893
2025-11-30,South,Road,202.69729073395965,603.0814898607821,1.507511192783026,3.802349379380381,6.0,0.0,0,284.32247403053844,2060.1505083478705,19.869797662666226
2025-12-01,West,Road,253.33503302435716,644.1559851540868,1.0958521179846228,5.5433196578359984,8.0,0.0,0,363.5976124431531,2508.801681083378,26.36161692435165
2025-12-01,North,Road,199.04838697083966,74.43371327558552,1.9456764767158785,3.6747863456668997,5.0,0.0,0,225.11354216976457,4116.1702499868725,10.0
2025-12-01,South,Sea,134.9524087373217,234.55294555921648,1.0451389680573364,6.106729083456664,7.0,0.0,0,133.7184046832995,2298.7998179702545,10.0
2025-12-01,East,Sea,104.71450964326917,1417.478162121575,2.31349662194322,7.209523502392194,8.0,0.0,0,364.7441141711746,1962.0017607357759,62.461553304098906
2025-12-01,South,Road,85.55274142081213,348.84800804942597,2.507078828816594,2.6426138375124806,3.0,0.0,0,171.07132594453574,1330.419970822113,14.425636302649929
2025-12-02,West,Air,143.7726557356856,632.8441566743049,1.5644607321355628,4.643070835933746,7.0,0.0,0,413.6639286346934,2578.1905767468775,21.089991013513668
2025-12-02,North,Road,171.5445817143119,449.5723968992134,1.7156709940172732,4.185340490123814,4.0,0.1853404901238136,0,217.7233793494765,3037.161885755195,12.206133738591847
2025-12-03,North,Road,27.41801525146243,273.26608423950694,3.221214952872913,4.5061983606014815,4.0,0.5061983606014815,1,74.03691794466027,652.6894169384004,10.0
2025-12-03,South,Road,135.675940441055,818.4524573181432,0.3,6.546210339988103,7.0,0.0,0,258.0316492296839,1846.360931421016,22.264421772883235
2025-12-03,East,Road,66.08512948888678,364.06876174003116,2.277242168057102,4.221082482673572,4.0,0.22108248267357222,1,157.03634878336916,1278.4966045392985,12.668982085667565
2025-12-03,North,Road,195.1472202195471,449.70584594041566,1.346342533027824,3.063261978382256,5.0,0.0,0,323.68621804414363,2840.160938240778,13.492381528299148
2025-12-04,Central,Road,163.72231372069254,382.54377824025175,2.514509273864176,4.09077062309177,4.0,0.0907706230917702,0,179.87343390421137,3025.1492793975895,11.881060312225706
2025-12-04,Central,Road,100.23074906078546,1113.3528092689744,1.3177623927858293,5.078062123660253,6.0,0.0,0,316.3534088220926,2140.1235963220333,46.42709430519503
2025-12-04,South,Road,73.99664013692185,466.62590825861656,1.480978329735104,3.8142369537651506,7.0,0.0,0,160.42548323761974,1860.2983126015292,16.984334550047667
2025-12-04,West,Road,99.48509910741252,499.0578608986764,1.515280207508514,4.589405587034349,6.0,0.0,0,234.0821093792871,1092.9497422558925,17.678940116706844
2025-12-05,South,Road,95.13747475934152,1326.8808205784032,2.2009329891502625,5.178329797982041,5.0,0.17832979798204107,0,328.54830393142055,1551.7502897418135,48.39336271407099
2025-12-05,South,Rail,88.48981724552927,168.89577270583456,2.1938537004833254,6.191575903166066,8.0,0.0,0,151.56605798586554,1450.2222123303166,10.0
2025-12-05,South,Road,83.17094690895101,285.51084077056476,2.8699472863323345,5.212615267960072,8.0,0.0,0,109.78011220861771,1026.7802484196827,10.0
2025-12-05,South,Sea,29.292974719758906,724.2476565649703,2.0191994098105432,10.38761247747346,11.0,0.0,0,73.65585099014957,951.960177187097,29.274909705284845
2025-12-06,North,Rail,166.84154280548825,655.2275298410943,1.2484162419936822,5.525033931856211,7.0,0.0,0,268.9348877817948,2183.9688849217173,27.11674863896092
2025-12-06,West,Rail,40.47725424706867,773.4506672466491,0.42231870026125584,2.1724907785824645,3.0,0.0,0,199.25498573760598,1318.0468262878017,34.66680409166463
2025-12-06,North,Sea,74.81030669749177,445.9295841173421,2.5038147967565956,7.056905517941155,8.0,0.0,0,129.63230445738856,1508.9151852087525,17.94823138950667
2025-12-06,East,Rail,107.48247174934401,707.7057566422671,0.6017920537573072,7.148212325663108,8.0,0.0,0,219.76547054724386,2320.1506990100634,19.07615889224534
2025-12-06,West,Rail,94.2478111499421,279.20492023197386,1.5485995033600992,5.449685012997119,8.0,0.0,0,151.87458817772063,1670.7271343452906,11.028484040876577
2025-12-07,West,Sea,89.01393493270774,267.6278697159345,1.864653915602093,7.05870258168245,7.0,0.05870258168245002,0,112.65147194645044,1379.1092262531859,10.0
2025-12-07,South,Road,72.09970469537109,373.84182291134823,3.2141854498911426,4.7919503459914035,6.0,0.0,0,148.5965800280222,1101.6709396138272,16.69457437271283
2025-12-07,West,Road,22.02729730126091,496.7346505672881,3.0447558945758253,4.684308547848014,6.0,0.0,0,158.89460247276216,664.5965504050573,16.011525020973156
2025-12-07,East,Road,117.202771748622,154.50693386640583,1.8274859731538171,2.8998201080405845,5.0,0.0,0,187.544882101655,1157.114154716765,10.0
2025-12-08,South,Road,149.54410372994732,385.5133718241793,1.4613115549801947,6.006456938711805,8.0,0.0,0,162.9647087712346,2463.339914447859,11.605150195247315
2025-12-08,East,Sea,102.0573003166314,381.8578502160993,0.4873923749354867,6.334016253223667,7.0,0.0,0,148.94704900185084,1643.2442312064773,14.395634882476799
2025-12-08,Central,Road,26.697907568030985,84.79398270592877,2.001431512603478,2.1767209368580733,4.0,0.0,0,50.89542393982021,819.6964259395727,10.0
2025-12-08,South,Air,91.82682748918738,297.41664686653127,1.1256434707200378,3.307721042148788,6.0,0.0,0,346.9992181259074,1638.3853181266481,10.0
2025-12-08,East,Road,59.2285691456985,219.38618836701096,2.6064824555599477,4.091715392292469,7.0,0.0,0,127.08947960070336,1608.1632079790215,10.0
2025-12-08,West,Rail,146.29639281137284,1224.8684758166496,2.0203350682961716,7.050006663399552,9.0,0.0,0,360.75800541103126,1943.7086759540946,35.2247068726968
2025-12-08,North,Road,121.65751973242543,522.7832274515424,2.6156781856358204,7.577339654673909,11.0,0.0,0,138.47970628296443,2018.027250318155,20.186008310565946
2025-12-08,North,Road,172.34785484728246,1260.9778442939735,3.1402692127472607,9.48630486348428,11.0,0.0,0,363.08426782816065,1779.4849463365674,49.60590252296867
2025-12-08,East,Air,136.78815627741807,1588.6039019744724,1.8390339804937486,6.088732310631251,9.0,0.0,0,579.5635896798151,1904.3675221024826,69.07216126775567
2025-12-09,East,Road,234.2603140649987,801.2383839080775,0.51643418731861,1.1488859270504004,2.0,0.0,0,395.91208702326753,3858.658084681688,24.427948972135123
2025-12-10,North,Road,85.63023792972112,730.476614963397,2.550261611121646,7.893871431085763,8.0,0.0,0,195.5751229660737,1927.2376849763684,25.45587719335979
2025-12-10,West,Road,94.79205150525193,235.24817847604044,1.5369636659444412,1.39745600150881,3.0,0.0,0,203.59575309097133,1712.0322729066172,10.0
2025-12-10,East,Road,112.27783490021795,1551.9162580735613,1.7768036633642417,6.790521607721972,6.0,0.7905216077219723,1,395.72509757487336,2165.0233425571737,60.21525444510727
2025-12-11,West,Air,32.46804619924181,1289.968149561826,1.5489578985497114,7.3189155388896,8.0,0.0,0,496.9122895385929,751.7584658659588,41.85634959072997
2025-12-11,Central,Road,218.12090408647597,223.12463980451838,0.7122363589353515,2.9544627099235914,2.0,0.9544627099235914,1,212.95862276598393,3422.231373868419,10.0
2025-12-12,East,Road,111.99120867014528,247.44233623380492,4.241369055934901,6.656829519615886,6.0,0.6568295196158864,1,58.218496196637474,1471.594055326665,10.0
2025-12-12,Central,Road,82.7658722787282,1229.1143642346792,1.7249321672156523,7.373314512328213,7.0,0.37331451232821333,1,293.1346218539326,1248.5059717758284,47.18397143378458
2025-12-12,East,Road,28.526482785238144,169.3960976862146,3.079079060721403,5.959546475357294,6.0,0.0,0,81.64398844390458,1177.8482331448126,10.0
2025-12-12,Central,Sea,62.030242262017495,447.9273063921971,2.9885272974779507,7.7104740163910055,9.0,0.0,0,145.56131841707423,1193.089920012022,12.172587879423448
2025-12-12,West,Sea,81.30361583655758,596.7096768926078,1.570705569201429,10.477568117355283,12.0,0.0,0,156.01394756386406,1894.393285900071,23.501664867952844
2025-12-12,West,Air,75.90212865505345,196.92268120638968,1.9035452840390232,2.868311314380482,5.0,0.0,0,250.56964845154118,1777.1394679886957,10.0
2025-12-12,West,Road,100.01417575103353,160.05622499109947,0.6068477692128726,3.3098212729552343,5.0,0.0,0,166.16631155152322,1574.6926074001524,10.0
2025-12-12,East,Road,35.556964049669155,641.8433163162313,1.0342649846070193,3.418393821401018,4.0,0.0,0,207.32490567099669,969.7926553199529,20.932578578720037
2025-12-12,West,Road,130.35690372869993,1434.6735888746887,0.7581069447483177,4.380110573462654,6.0,0.0,0,336.19650041553035,2012.7781797459938,40.8350730755798
2025-12-13,East,Rail,215.2749306913855,522.4060348907631,1.9809311298593553,6.675128246050548,9.0,0.0,0,337.264524505722,2093.5957120485045,13.732217820498335
2025-12-13,Central,Road,66.600047626351,928.5378709049306,2.123042504663411,5.47139957504221,8.0,0.0,0,247.07440097618436,1699.2185100210258,39.488458003864096
2025-12-14,West,Road,65.75679113727075,890.7441714382563,1.782613205657285,5.710961242441529,5.0,0.7109612424415293,1,245.3924799340956,1549.4710042854408,40.061740870145925
2025-12-14,North,Air,100.18645196759708,742.6359598137478,0.9287713795724819,4.812127024636414,6.0,0.0,0,470.3956295879417,1563.652150793655,22.867929853849944
2025-12-14,North,Air,87.1594138192714,1020.2009319297626,1.3760034690614955,5.263725427113812,5.0,0.26372542711381186,1,488.4646298107946,1893.525408088649,27.185541770774662
2025-12-14,North,Road,91.66620698403133,101.64319992529596,1.028653595863912,2.5483857535025245,5.0,0.0,0,126.96401204587012,1404.569974315555,10.0
2025-12-15,South,Road,78.79462101752901,342.76407637320665,1.9178580007652646,2.4623671233839777,4.0,0.0,0,152.29850936557202,1298.828703214367,10.265397579623686
2025-12-15,South,Road,176.4065921303974,974.1947916703293,0.8904889894956822,7.764570341237794,7.0,0.7645703412377944,1,371.2733411980297,3517.291234973561,29.92860726467513
2025-12-15,Central,Air,99.96627386273572,112.70702570433392,2.25047994204058,1.3265984142568759,3.0,0.0,0,297.2141592567562,1926.779945727391,10.0
2025-12-15,Central,Rail,58.98541598466205,390.2034326683903,1.4688316755845663,4.162243225221955,6.0,0.0,0,139.23981995353088,948.1702186132704,13.235396982520413
2025-12-15,North,Road,157.94384692267732,896.2521012804616,0.7285893310766287,4.485468245790283,7.0,0.0,0,326.2714179873055,2022.768686376616,35.848296255246915
2025-12-15,East,Road,54.71530012633281,717.0087319788533,2.5814685975489384,4.580936225552177,5.0,0.0,0,153.2382381439997,940.5378356386426,27.575731419092723
2025-12-15,West,Road,124.55873606268675,929.4368552034376,1.6459327164374455,4.826932126088142,5.0,0.0,0,301.3630615716223,1733.949198385397,23.898288054085523
2025-12-15,Central,Road,78.82863358652891,607.7306509648836,2.3426189603117944,6.203047231171735,5.0,1.2030472311717348,1,150.77775227627578,1313.420375853343,26.813619478357598
2025-12-16,Central,Road,47.64177597352813,337.1741003475042,2.2351227868358667,4.7246329447913515,5.0,0.0,0,124.27196495026645,968.0969285900362,12.622952421249707
2025-12-16,South,Sea,90.1333931115977,240.22037899077213,2.3002035830368497,10.468024506433643,13.0,0.0,0,89.97515127841754,2014.8484339928207,10.0
2025-12-16,North,Road,76.84669143460256,576.0522636698023,2.052134563038736,4.337004442773362,5.0,0.0,0,160.42484333890303,1395.1767463773335,18.88819683324798
2025-12-16,North,Road,84.97499364804948,20.0,2.0316405560225643,6.299446545086758,10.0,0.0,0,124.6106695247988,1840.976058013739,10.0
2025-12-17,West,Rail,113.99861166859978,653.747265085839,2.4202590011228526,7.453513555781993,9.0,0.0,0,257.2590366784325,1699.1438860632175,19.502058971110085
2025-12-17,North,Air,49.56473294931306,452.5875221196406,1.7266693673198037,4.6317662062718075,4.0,0.6317662062718075,1,288.4231464300322,1094.3740740576486,12.003067973265873
2025-12-18,North,Road,46.86312382230331,626.0697960662492,1.8697907366449256,4.76045460757769,7.0,0.0,0,151.93960627704996,1123.2412866588497,26.9321979661993
2025-12-18,West,Sea,72.80410335359147,1745.2952477999731,0.7660996367158459,9.575585996046403,13.0,0.0,0,393.9878643881096,1608.222072885907,49.12180413766772
2025-12-18,West,Road,126.44335299334246,752.1368186425016,1.8633734595360147,6.182112454670097,7.0,0.0,0,226.66869101776365,2972.8869664634003,23.431278066116384
2025-12-19,South,Road,96.96122664354004,742.4082589493681,0.3,4.855888758694324,8.0,0.0,0,253.1629007089192,1589.156048408387,31.032534495640224
2025-12-19,West,Rail,28.24504780883828,1012.1879734011239,1.7959178897419286,8.076095783591239,9.0,0.0,0,250.81425496023272,983.2997542894163,37.4854198168497
2025-12-20,North,Road,176.22896369987126,617.7568108818374,2.9662873438854467,6.277610715769538,8.0,0.0,0,289.84056999115484,2789.616687543053,21.10947278449971
2025-12-20,South,Road,13.314169662684584,164.97196916419412,2.1140826648458346,4.909106104061608,5.0,0.0,0,102.861343753961,705.0849428279492,10.0
2025-12-21,West,Rail,174.6098675970005,579.6092549555641,1.5449890489069982,6.399986732330198,8.0,0.0,0,266.3580382177488,3791.293839452855,16.69313001029695
2025-12-21,West,Sea,133.509060705503,562.1670793267231,0.8949070051413685,4.709556304548702,6.0,0.0,0,206.7661299759549,2599.0798294963697,17.239666553897838
2025-12-21,West,Road,124.57116108242175,374.15325277337604,1.5763628380848647,3.4211272996330635,4.0,0.0,0,161.8987159300818,2376.806192281936,13.999336976361194
2025-12-21,West,Road,163.3698880490947,347.0201407355057,2.2992527798490294,4.995813983802339,8.0,0.0,0,189.59822104025784,2452.8125079933698,13.322541472992626
2025-12-21,South,Road,100.37542053586625,495.7143537989684,2.4165839308110186,3.8270573241403083,4.0,0.0,0,269.8195762988156,1821.8796272005966,15.617863549349115
2025-12-22,West,Air,60.62508985664988,1739.2274556560872,1.2368293838296154,5.169932934455272,9.0,0.0,0,521.7673204243146,745.7191714869145,60.331198392146675
2025-12-22,South,Rail,132.30882070145324,470.50927813292293,0.3,4.5019244281879285,6.0,0.0,0,210.45859083728192,2053.217264024628,14.157538618757755
2025-12-22,North,Road,75.1284475844295,834.9537106286659,3.3110987100432854,6.68743713283659,7.0,0.0,0,237.5079921269186,1398.6752474363705,27.60371996391473
2025-12-23,South,Rail,154.32974840522195,303.0306656755025,0.7304152831611392,4.334263070970184,4.0,0.3342630709701844,1,218.730284969464,2631.841674605522,10.0
2025-12-23,North,Road,49.51752555503491,1370.0621293871752,1.4148348062966483,7.717498687932784,10.0,0.0,0,300.96915261562935,1193.850532190651,42.451451956232525
2025-12-23,South,Road,128.921751745548,1236.8557102190555,2.1623326074792084,6.680769836190124,11.0,0.0,0,328.65286441059914,2609.4721344682957,44.83540936564695
2025-12-24,West,Air,49.12233058240052,230.53097594649887,1.9396099969471403,2.9658188329172432,7.0,0.0,0,322.2222695411041,982.8668673944543,10.0
2025-12-24,West,Sea,55.78740152434553,1163.8302543182558,2.3897408784409544,10.668588041122355,12.0,0.0,0,268.1543249592283,1610.1872921077531,48.165958532635884
2025-12-25,East,Sea,95.30471590554134,505.0554123664189,1.9333225448831,9.028313324695404,10.0,0.0,0,135.55395850306235,1980.0060227138624,22.166503333067634
2025-12-25,North,Road,145.56590628098388,413.8805532352026,2.1842693558683326,3.446622302870658,6.0,0.0,0,209.47699197087098,1811.2385444834654,10.50170959260212
2025-12-25,North,Road,211.44984389461302,388.3206511442222,0.8513100330277373,2.438027157694007,5.0,0.0,0,244.7839267934811,4021.9132019821327,15.620309106168063
2025-12-25,West,Rail,43.96024757118809,641.1846832294441,3.4330528258073767,6.596739059562582,7.0,0.0,0,169.32572511871962,1176.4453724355042,19.043967401475264
2025-12-26,West,Rail,92.81820713253009,311.1191399835196,2.7357160176963498,5.801684059736698,8.0,0.0,0,201.64257636685852,2175.906342851814,12.796631609635226
2025-12-26,North,Road,97.04285219930622,185.30783840066934,2.4563828956664775,4.170632680982405,6.0,0.0,0,130.59709107535556,1363.3668922100132,10.0
2025-12-26,North,Road,53.487976602788464,223.92614884319133,0.6865005211848625,2.5047465811673097,5.0,0.0,0,131.4232204840721,1463.8428546450766,10.0
2025-12-26,East,Road,56.355940511388084,555.9371936202007,2.076341088286788,6.083033748280826,7.0,0.0,0,186.56968000953702,1092.4021086721082,19.62473178043086
2025-12-26,North,Rail,198.2261632566142,122.88182887965681,0.7702670807139547,7.651190394747955,10.0,0.0,0,214.3287053281776,3733.141106875786,10.0
2025-12-26,North,Road,152.6137545541208,354.9899481559666,2.69647314582664,5.9027711689353035,8.0,0.0,0,234.74259582148517,2241.2381758376437,10.0
2025-12-26,East,Rail,64.54897359725965,769.9650059998107,2.641804746995171,8.238519793113648,10.0,0.0,0,208.4687893704832,1907.9549515206174,33.31417135229359
2025-12-26,North,Road,61.475306516600334,465.6735654813686,2.488564138075547,4.412264000042307,4.0,0.412264000042307,1,163.29983670332567,1103.246613822676,17.004359099238712
2025-12-27,South,Road,101.59297809899887,116.12520721287669,2.1495869154616827,6.0996907359751456,8.0,0.0,0,99.79016097503155,1740.6608617535967,10.0
2025-12-27,North,Sea,68.25823678241444,1343.6641151360334,1.8550092381899073,6.4280060897566695,7.0,0.0,0,295.11403302197283,1135.7624892044125,46.656437812008875
2025-12-27,East,Road,214.92198401758267,926.6249548304476,2.4727074237844127,6.80925404361707,7.0,0.0,0,329.98294753233034,3924.7717171530853,27.778564588429013
2025-12-27,North,Rail,77.49168541502131,614.6653937098778,2.3787316350267096,7.516980919868894,10.0,0.0,0,196.5434802654001,1340.3907966840575,20.242287883724785
2025-12-28,West,Air,74.5895771373001,1106.0008695571296,0.3,3.158890538994731,3.0,0.15889053899473105,0,511.76594141955064,1721.1238085877435,48.75401906221881
2025-12-29,South,Sea,75.83733436953543,130.50147222107643,2.3849013240088905,8.623769102530783,9.0,0.0,0,101.17032884686199,1114.7806582980409,10.0
2025-12-29,South,Road,41.15525949499675,703.1269282649516,2.0142689380505443,4.578111998838846,7.0,0.0,0,155.8793348726831,970.7697665708953,28.005417949132575
2025-12-29,West,Sea,39.74552908525135,122.35861936872766,1.50286367078922,7.3630591868719915,9.0,0.0,0,63.07552773410817,855.0908962004996,10.0
2025-12-30,East,Road,194.73708873960607,708.529987669877,1.4304291872653083,5.501353882723807,5.0,0.5013538827238069,1,306.0600157226369,2304.06785464091,25.724395382463932
2025-12-30,East,Road,333.21174784837314,296.93742221525014,0.46029752911179833,3.04276994502987,4.0,0.0,0,332.5099238944709,3023.250126618485,10.0
2025-12-30,South,Road,141.49856669824337,1173.3706648996865,0.3,5.265530521240474,5.0,0.26553052124047394,1,319.1942629076102,2971.7553453058426,40.557994217513425
2025-12-30,North,Road,39.77104640394782,141.55395279799714,2.237279806871261,3.603972027810617,6.0,0.0,0,61.303096477185626,792.8174125144296,10.0
2025-12-30,Central,Sea,36.23951875938722,529.4610913967896,3.350195010615815,8.825724448544879,9.0,0.0,0,101.64794269446018,865.4906827688515,14.254258090500587
2025-12-31,West,Rail,44.540554247231356,1004.379891126331,1.276107873075179,8.11675921608357,10.0,0.0,0,265.53088426017655,905.3108128698923,26.277362092240743
2025-12-31,West,Road,29.3017840095551,166.38287803762987,1.7678270910169587,4.547624195113165,6.0,0.0,0,73.19344347874272,757.1496270741352,10.0
2025-12-31,Central,Rail,40.05927197473859,849.9704892743656,2.20021641744,5.126044864548085,4.0,1.126044864548085,1,253.5555441237955,1130.732293284863,22.01002354474116
2025-12-31,South,Sea,145.11984574736596,324.67701338630593,2.1417600668146446,9.221174021652038,11.0,0.0,0,202.665358044306,3087.7541967545917,14.400335064906344
2025-12-31,West,Road,74.12585660211965,712.9815021887773,2.1966461585275767,8.247311316362763,10.0,0.0,0,207.28311573610054,1720.3307311742028,32.000454749840614
2025-12-31,South,Rail,195.0972697368645,819.3486513345805,1.8717895681215362,5.773952582633941,6.0,0.0,0,344.97563386736215,2438.1193937786084,22.610884035114072
2025-12-31,South,Road,150.57934509403842,710.322555514696,0.5204619446963594,1.220220005948891,2.0,0.0,0,262.6499369881773,2062.833805341352,18.341775467824494
2025-12-31,South,Rail,109.58427395187505,239.2780318681073,3.005133618864921,5.150751047349646,5.0,0.15075104734964562,0,142.80238171135073,1701.4949788665242,10.0
2025-12-31,North,Road,179.0943890237724,629.0601180955957,3.096675074731654,6.690220221739298,7.0,0.0,0,248.63859657250174,2149.8777519923106,22.561740043585537
